[{"model": "auth.user", "pk": 1, "fields": {"password": "pbkdf2_sha256$120000$PnSGrB6WnVDw$NwNLqYE5ynAmtVuuitTFCR/zuje8MfC5qpIe1+hU7w0=", "last_login": "2019-03-15T09:48:46.345Z", "is_superuser": true, "username": "admin", "first_name": "", "last_name": "", "email": "", "is_staff": true, "is_active": true, "date_joined": "2019-02-11T14:30:09.817Z", "groups": [], "user_permissions": []}}, {"model": "sessions.session", "pk": "2jua7g4liverp6kr0zzxu61osl8kk7op", "fields": {"session_data": "ZTgxNDAwMWZkNmUyOGM0YzZiMWExN2M3OTc3ZTBjMjA3NmMzZWNlMDp7Il9hdXRoX3VzZXJfaWQiOiIxIiwiX2F1dGhfdXNlcl9iYWNrZW5kIjoiZGphbmdvLmNvbnRyaWIuYXV0aC5iYWNrZW5kcy5Nb2RlbEJhY2tlbmQiLCJfYXV0aF91c2VyX2hhc2giOiI1OTBlMjNjYmQ1NzhjY2ExYTNhODc0NGQzYjkwMmM4NDg4MGQ3ZTc1In0=", "expire_date": "2019-03-01T08:34:10.926Z"}}, {"model": "sessions.session", "pk": "ioma8f262eiubjb495rdmiajeqdin21l", "fields": {"session_data": "ZTgxNDAwMWZkNmUyOGM0YzZiMWExN2M3OTc3ZTBjMjA3NmMzZWNlMDp7Il9hdXRoX3VzZXJfaWQiOiIxIiwiX2F1dGhfdXNlcl9iYWNrZW5kIjoiZGphbmdvLmNvbnRyaWIuYXV0aC5iYWNrZW5kcy5Nb2RlbEJhY2tlbmQiLCJfYXV0aF91c2VyX2hhc2giOiI1OTBlMjNjYmQ1NzhjY2ExYTNhODc0NGQzYjkwMmM4NDg4MGQ3ZTc1In0=", "expire_date": "2019-03-12T08:37:20.107Z"}}, {"model": "sessions.session", "pk": "phapr9xxfv1q7ywceo4cxiexqebxqor5", "fields": {"session_data": "ZTgxNDAwMWZkNmUyOGM0YzZiMWExN2M3OTc3ZTBjMjA3NmMzZWNlMDp7Il9hdXRoX3VzZXJfaWQiOiIxIiwiX2F1dGhfdXNlcl9iYWNrZW5kIjoiZGphbmdvLmNvbnRyaWIuYXV0aC5iYWNrZW5kcy5Nb2RlbEJhY2tlbmQiLCJfYXV0aF91c2VyX2hhc2giOiI1OTBlMjNjYmQ1NzhjY2ExYTNhODc0NGQzYjkwMmM4NDg4MGQ3ZTc1In0=", "expire_date": "2019-03-29T09:48:46.365Z"}}, {"model": "sessions.session", "pk": "x01mip24k2l6k4wvlh0k4l36i13gp6c1", "fields": {"session_data": "ZTgxNDAwMWZkNmUyOGM0YzZiMWExN2M3OTc3ZTBjMjA3NmMzZWNlMDp7Il9hdXRoX3VzZXJfaWQiOiIxIiwiX2F1dGhfdXNlcl9iYWNrZW5kIjoiZGphbmdvLmNvbnRyaWIuYXV0aC5iYWNrZW5kcy5Nb2RlbEJhY2tlbmQiLCJfYXV0aF91c2VyX2hhc2giOiI1OTBlMjNjYmQ1NzhjY2ExYTNhODc0NGQzYjkwMmM4NDg4MGQ3ZTc1In0=", "expire_date": "2019-03-01T10:49:25.106Z"}}, {"model": "websiteapp.page", "pk": 1, "fields": {"link_name": "index", "title_fr": "Accueil", "title_en": "Home", "subtitle_fr": "La phrase d'accroche mettant en avant le service propos\u00e9.", "subtitle_en": "The pickup line highlighting the proposed service.", "position": 0}}, {"model": "websiteapp.page", "pk": 2, "fields": {"link_name": "about", "title_fr": "\u00c0 propos", "title_en": "About", "subtitle_fr": "La phrase d\u00e9crivant le responsable du site (entreprise, artisan, blogueur, ...).", "subtitle_en": "The sentence describing the site manager (company, freelancer, blogger, ...).", "position": 1}}, {"model": "websiteapp.page", "pk": 3, "fields": {"link_name": "portfolio", "title_fr": "Portfolio", "title_en": "Portfolio", "subtitle_fr": "La pr\u00e9sentation des travaux.", "subtitle_en": "The presentation of the works.", "position": 2}}, {"model": "websiteapp.page", "pk": 4, "fields": {"link_name": "blog", "title_fr": "Blog", "title_en": "Blog", "subtitle_fr": "Les articles techniques.", "subtitle_en": "The technical articles.", "position": 3}}, {"model": "websiteapp.page", "pk": 5, "fields": {"link_name": "contact", "title_fr": "Contact", "title_en": "Contact", "subtitle_fr": "Contactez-moi", "subtitle_en": "Contact me", "position": 4}}, {"model": "websiteapp.page", "pk": 6, "fields": {"link_name": "mentions", "title_fr": "Mentions l\u00e9gales", "title_en": "Legal notices", "subtitle_fr": "Ici les mentions.", "subtitle_en": "Here the notices.", "position": 5}}, {"model": "websiteapp.page", "pk": 7, "fields": {"link_name": "post", "title_fr": "Commentaires", "title_en": "Comments", "subtitle_fr": "Laisser un commentaire", "subtitle_en": "Post a comment.", "position": 0}}, {"model": "websiteapp.page", "pk": 8, "fields": {"link_name": "main-contact", "title_fr": "Formulaire de contact", "title_en": "Contact form", "subtitle_fr": "no subtitle", "subtitle_en": "pas de sous-titre", "position": 0}}, {"model": "websiteapp.footeritem", "pk": 1, "fields": {"name_fr": "Suivez-moi:", "name_en": "Follow me:", "position": 0}}, {"model": "websiteapp.footeritem", "pk": 2, "fields": {"name_fr": "Th\u00e8me:", "name_en": "Theme:", "position": 1}}, {"model": "websiteapp.footeritem", "pk": 3, "fields": {"name_fr": "Langue:", "name_en": "Language:", "position": 2}}, {"model": "websiteapp.footeritem", "pk": 4, "fields": {"name_fr": "Mentions l\u00e9gales", "name_en": "Legal notices", "position": 3}}, {"model": "websiteapp.footeritem", "pk": 5, "fields": {"name_fr": "\u00a92019 NoRightReserved.", "name_en": "\u00a92019 NoRightReserved.", "position": 4}}, {"model": "websiteapp.footeritem", "pk": 6, "fields": {"name_fr": "DemoStructureDjango.com", "name_en": "DemoStructureDjango.com", "position": 5}}, {"model": "websiteapp.sociallink", "pk": 1, "fields": {"name": "github", "url": "https://github.com/JBthePenguin/", "position": 0}}, {"model": "websiteapp.sociallink", "pk": 2, "fields": {"name": "twitter", "url": "https://twitter.com/JBthePenguin/", "position": 1}}, {"model": "websiteapp.sociallink", "pk": 3, "fields": {"name": "linkedin", "url": "https://www.linkedin.com/in/jean-baptiste-labaty-a5b084155/", "position": 2}}, {"model": "websiteapp.cardbutton", "pk": 1, "fields": {"card_name": "portfolio", "text_en": "View details", "text_fr": "Voir les d\u00e9tails", "position": 0}}, {"model": "websiteapp.cardbutton", "pk": 2, "fields": {"card_name": "project", "text_en": "Visit", "text_fr": "Visiter", "position": 0}}, {"model": "websiteapp.cardbutton", "pk": 3, "fields": {"card_name": "blog", "text_en": "Read more...", "text_fr": "Lire la suite...", "position": 0}}, {"model": "websiteapp.cardbutton", "pk": 4, "fields": {"card_name": "comment", "text_en": "Send", "text_fr": "Envoyer", "position": 0}}, {"model": "websiteapp.cardbutton", "pk": 5, "fields": {"card_name": "contact", "text_en": "Send", "text_fr": "Envoyer", "position": 0}}, {"model": "websiteapp.alertmessage", "pk": 1, "fields": {"name": "add comment", "text_en": "Your comment will be added as soon as I have validated it.", "text_fr": "Votre commentaire sera ajout\u00e9 d\u00e8s que je l'aurai valid\u00e9."}}, {"model": "websiteapp.alertmessage", "pk": 2, "fields": {"name": "no comment", "text_en": "No comment for this post.", "text_fr": "Aucun commentaire pour cet article."}}, {"model": "websiteapp.alertmessage", "pk": 3, "fields": {"name": "sent message", "text_en": "Your message has been sent.", "text_fr": "Votre message a \u00e9t\u00e9 envoy\u00e9."}}, {"model": "websiteapp.formplaceholder", "pk": 1, "fields": {"form_name": "comment", "input_name": "name", "text_en": "Your name", "text_fr": "Votre nom", "position": 0}}, {"model": "websiteapp.formplaceholder", "pk": 2, "fields": {"form_name": "comment", "input_name": "email", "text_en": "Your email", "text_fr": "Votre email", "position": 1}}, {"model": "websiteapp.formplaceholder", "pk": 3, "fields": {"form_name": "comment", "input_name": "text", "text_en": "Your comment", "text_fr": "Votre commentaire", "position": 2}}, {"model": "websiteapp.formplaceholder", "pk": 4, "fields": {"form_name": "contact", "input_name": "name", "text_en": "Your name", "text_fr": "Votre nom", "position": 0}}, {"model": "websiteapp.formplaceholder", "pk": 5, "fields": {"form_name": "contact", "input_name": "email", "text_en": "Your email", "text_fr": "Votre email", "position": 1}}, {"model": "websiteapp.formplaceholder", "pk": 6, "fields": {"form_name": "contact", "input_name": "subject", "text_en": "Subject", "text_fr": "Objet", "position": 2}}, {"model": "websiteapp.formplaceholder", "pk": 7, "fields": {"form_name": "contact", "input_name": "content", "text_en": "Your message", "text_fr": "Votre message", "position": 3}}, {"model": "aboutapp.aboutcategory", "pk": 1, "fields": {"link_name": "services", "name_en": "Services", "name_fr": "Services", "position": 0}}, {"model": "aboutapp.aboutcategory", "pk": 2, "fields": {"link_name": "skills", "name_en": "Skills", "name_fr": "Comp\u00e9tences", "position": 1}}, {"model": "aboutapp.term", "pk": 1, "fields": {"category": 1, "logo": "about/57._Exchange.png", "name_en": "Maintenance", "name_fr": "Maintenance", "description_en": "Management and support.", "description_fr": "Gestion et accompagnement.", "position": 3}}, {"model": "aboutapp.term", "pk": 2, "fields": {"category": 1, "logo": "about/43._Globe.png", "name_en": "Production", "name_fr": "Production", "description_en": "Exploitation and delivery.", "description_fr": "Exploitation et livraison.", "position": 2}}, {"model": "aboutapp.term", "pk": 3, "fields": {"category": 1, "logo": "about/26._Settings.png", "name_en": "Development", "name_fr": "D\u00e9veloppement", "description_en": "Create an application.", "description_fr": "Cr\u00e9er une application.", "position": 1}}, {"model": "aboutapp.term", "pk": 4, "fields": {"category": 1, "logo": "about/78._Tablet.png", "name_en": "Design", "name_fr": "Conception", "description_en": "Design an application.", "description_fr": "Concevoir une application.", "position": 0}}, {"model": "aboutapp.term", "pk": 5, "fields": {"category": 2, "logo": "about/51._Package.png", "name_en": "Softwares", "name_fr": "Logiciels", "description_en": "<ul class=\"list-unstyled\">\r\n<li>Libre Office</li>\r\n<li>Gimp</li>\r\n<li>StarUML</li>\r\n</ul>", "description_fr": "<ul class=\"list-unstyled\">\r\n<li>Libre Office</li>\r\n<li>Gimp</li>\r\n<li>StarUML</li>\r\n</ul>", "position": 1}}, {"model": "aboutapp.term", "pk": 6, "fields": {"category": 2, "logo": "about/35._Layers.png", "name_en": "Languages", "name_fr": "Langages", "description_en": "<ul class=\"list-unstyled\">\r\n<li>HTML / CSS / JS</li>\r\n<li>Python</li>\r\n<li>SQL</li>\r\n</ul>", "description_fr": "<ul class=\"list-unstyled\">\r\n<li>HTML / CSS / JS</li>\r\n<li>Python</li>\r\n<li>SQL</li>\r\n</ul>", "position": 2}}, {"model": "aboutapp.term", "pk": 7, "fields": {"category": 2, "logo": "about/45._Award.png", "name_en": "Fields", "name_fr": "Domaines", "description_en": "<ul class=\"list-unstyled\">\r\n<li>Project management</li>\r\n<li>Graphic design</li>\r\n<li>Specific application</li>\r\n</ul>", "description_fr": "<ul class=\"list-unstyled\">\r\n<li>Gestion de projet</li>\r\n<li>Conception graphique</li>\r\n<li>Application sp\u00e9cifique</li>\r\n</ul>", "position": 0}}, {"model": "blogapp.blogcategory", "pk": 1, "fields": {"link_name": "backend", "name_en": "Back-End", "name_fr": "Back-End", "position": 1}}, {"model": "blogapp.blogcategory", "pk": 2, "fields": {"link_name": "frontend", "name_en": "Front-End", "name_fr": "Front-End", "position": 0}}, {"model": "blogapp.post", "pk": 1, "fields": {"category": 1, "link_name": "django", "image": "blog/django.png", "title_en": "Django", "title_fr": "Django", "content_en": "<p><b>Django</b>  is a Python-based free and open-source web framework, which follows the model-view-template (MVT) architectural pattern. It is maintained by the Django Software Foundation (DSF), an independent organization established as a 501(c)(3) non-profit.</p>\r\n\r\n<p>Django's primary goal is to ease the creation of complex, database-driven websites. The framework emphasizes reusability and \"pluggability\" of components, less code, low coupling, rapid development, and the principle of don't repeat yourself. Python is used throughout, even for settings files and data models. Django also provides an optional administrative create, read, update and delete interface that is generated dynamically through introspection and configured via admin models.</p>\r\n\r\n<p>Some well-known sites that use Django include the Public Broadcasting Service, Instagram, Mozilla, The Washington Times, Disqus, Bitbucket, and Nextdoor. It was used on Pinterest, but later the site moved to a framework built over Flask.</p>", "content_fr": "<p><b>Django</b> est un cadre de d\u00e9veloppement web open source en Python. Il a pour but de rendre le d\u00e9veloppement web 2.0 simple et rapide. Pour cette raison, le projet a pour slogan \u00ab Le framework web pour les perfectionnistes sous pression \u00bb. D\u00e9velopp\u00e9 en 2003 pour le journal local de Lawrence (Kansas), Django a \u00e9t\u00e9 publi\u00e9 sous licence BSD \u00e0 partir de juillet 2005.</p>\r\n\r\n<p>Depuis juin 2008, la Django Software Foundation s'occupe du d\u00e9veloppement et de la promotion du cadre. En plus de cette promotion r\u00e9guli\u00e8re, des conf\u00e9rences entre d\u00e9veloppeurs et utilisateurs de Django sont organis\u00e9es deux fois par an depuis 2008. Nomm\u00e9es DjangoCon, une se d\u00e9roule en Europe et l'autre aux \u00c9tats-Unis.</p>\r\n\r\n<p>Plusieurs sites grand public sont d\u00e9sormais fond\u00e9s sur Django, dont Pinterest et Instagram au moins en 2011 ou encore Mozilla.</p>", "date": "2019-02-01"}}, {"model": "blogapp.post", "pk": 2, "fields": {"category": 2, "link_name": "jquery", "image": "blog/jquery.png", "title_en": "jQuery", "title_fr": "jQuery", "content_en": "<p><b>jQuery</b> is a JavaScript library designed to simplify HTML DOM tree traversal and manipulation, as well as event handling, CSS animation, and Ajax. It is free, open-source software using the permissive MIT License. Web analysis (from 2017) indicates that it is the most widely deployed JavaScript library by a large margin.</p>\r\n\r\n<p>jQuery's syntax is designed to make it easier to navigate a document, select DOM elements, create animations, handle events, and develop Ajax applications. jQuery also provides capabilities for developers to create plug-ins on top of the JavaScript library. This enables developers to create abstractions for low-level interaction and animation, advanced effects and high-level, themeable widgets. The modular approach to the jQuery library allows the creation of powerful dynamic web pages and Web applications.</p>\r\n\r\n<p>The set of jQuery core features\u2014DOM element selections, traversal and manipulation\u2014enabled by its selector engine (named \"Sizzle\" from v1.3), created a new \"programming style\", fusing algorithms and DOM data structures. This style influenced the architecture of other JavaScript frameworks like YUI v3 and Dojo, later stimulating the creation of the standard Selectors API.</p>\r\n\r\n<p>Microsoft and Nokia bundle jQuery on their platforms. Microsoft includes it with Visual Studio for use within Microsoft's ASP.NET AJAX and ASP.NET MVC frameworks while Nokia has integrated it into the Web Run-Time widget development platform.</p>", "content_fr": "<p><b>jQuery</b> est une biblioth\u00e8que JavaScript libre et multiplateforme cr\u00e9\u00e9e pour faciliter l'\u00e9criture de scripts c\u00f4t\u00e9 client dans le code HTML des pages web. La premi\u00e8re version est lanc\u00e9e en janvier 2006 par John Resig.</p>\r\n\r\n<p>La biblioth\u00e8que contient notamment les fonctionnalit\u00e9s suivantes :\r\n<ul>\r\n    <li>parcours et modification du DOM (y compris le support des s\u00e9lecteurs CSS 1 \u00e0 3 et un support basique de XPath) ;</li>\r\n    <li>\u00e9v\u00e9nements ;</li>\r\n    <li>effets visuels et animations ;</li>\r\n    <li>manipulations des feuilles de style en cascade (ajout/suppression des classes, d'attributs\u2026) ;</li>\r\n    <li>Ajax ;</li>\r\n    <li>plugins ;</li>\r\n    <li>Utilitaires (version du navigateur web\u2026).</li>\r\n</ul></p>\r\n\r\n<p>Depuis sa cr\u00e9ation en 2006 et notamment \u00e0 cause de la complexification croissante des interfaces Web, jQuery a connu un large succ\u00e8s aupr\u00e8s des d\u00e9veloppeurs Web et son apprentissage est aujourd'hui un des fondamentaux de la formation aux technologies du Web. Il est \u00e0 l'heure actuelle la librairie front-end la plus utilis\u00e9e au monde (plus de la moiti\u00e9 des sites Internet en ligne int\u00e8grent jQuery).</p>", "date": "2018-12-04"}}, {"model": "blogapp.post", "pk": 3, "fields": {"category": 2, "link_name": "bootstrap", "image": "blog/bootstrap.png", "title_en": "Bootstrap", "title_fr": "Bootstrap", "content_en": "<p><b>Bootstrap</b> is a free and open-source front-end Web framework. It contains HTML and CSS-based design templates for typography, forms, buttons, navigation and other interface components, as well as optional JavaScript extensions. Unlike many earlier web frameworks, it concerns itself with front-end development only.</p>\r\n\r\n<p>Bootstrap is the second-most-starred project on GitHub, with more than 131,000 stars.</p>", "content_fr": "<p><b>Bootstrap</b> est une collection d'outils utiles \u00e0 la cr\u00e9ation du design (graphisme, animation et interactions avec la page dans le navigateur, etc.) de sites et d'applications web. C'est un ensemble qui contient des codes HTML et CSS, des formulaires, boutons, outils de navigation et autres \u00e9l\u00e9ments interactifs, ainsi que des extensions JavaScript en option. C'est l'un des projets les plus populaires sur la plate-forme de gestion de d\u00e9veloppement GitHub.</p>", "date": "2019-02-15"}}, {"model": "blogapp.comment", "pk": 3, "fields": {"post": 1, "author_name": "test 1", "author_email": "test1@test.com", "text": "cool !", "date": "2019-02-16T18:56:46.341Z", "valid": true}}, {"model": "blogapp.comment", "pk": 4, "fields": {"post": 3, "author_name": "test 2", "author_email": "test2@test.com", "text": "cool !", "date": "2019-02-16T18:58:38.590Z", "valid": true}}, {"model": "blogapp.comment", "pk": 5, "fields": {"post": 1, "author_name": "test 2", "author_email": "test2@test.com", "text": "cool !", "date": "2019-02-16T19:30:43.689Z", "valid": true}}, {"model": "blogapp.comment", "pk": 6, "fields": {"post": 2, "author_name": "test 3", "author_email": "test3@test.com", "text": "cool !", "date": "2019-02-16T19:31:24.593Z", "valid": false}}, {"model": "blogapp.comment", "pk": 15, "fields": {"post": 1, "author_name": "test 3", "author_email": "test3@test.com", "text": "cool !", "date": "2019-02-16T21:02:39.648Z", "valid": true}}, {"model": "blogapp.comment", "pk": 23, "fields": {"post": 3, "author_name": "test 4", "author_email": "test4@test.com", "text": "cool !", "date": "2019-02-16T21:33:59.664Z", "valid": true}}, {"model": "blogapp.comment", "pk": 25, "fields": {"post": 1, "author_name": "test 4", "author_email": "test4@test.com", "text": "cool !", "date": "2019-02-16T21:43:22.814Z", "valid": true}}, {"model": "blogapp.comment", "pk": 27, "fields": {"post": 3, "author_name": "test 5", "author_email": "test5@test.com", "text": "cool !", "date": "2019-02-16T21:45:56.714Z", "valid": false}}, {"model": "blogapp.comment", "pk": 28, "fields": {"post": 1, "author_name": "test 5", "author_email": "test5@test.com", "text": "cool !", "date": "2019-02-16T21:58:16.374Z", "valid": false}}, {"model": "blogapp.comment", "pk": 33, "fields": {"post": 1, "author_name": "dffd", "author_email": "ddddlkk@fff.mlkdd", "text": "dddx", "date": "2019-03-07T07:32:13.541Z", "valid": false}}, {"model": "blogapp.comment", "pk": 34, "fields": {"post": 1, "author_name": "fgg", "author_email": "ddddlkk@fff.mlkdd", "text": "ddd", "date": "2019-03-08T12:22:02.405Z", "valid": true}}, {"model": "blogapp.comment", "pk": 35, "fields": {"post": 2, "author_name": "fggh", "author_email": "ddddlkk@fff.mlk", "text": "www", "date": "2019-03-13T20:25:31.669Z", "valid": false}}, {"model": "blogapp.comment", "pk": 36, "fields": {"post": 2, "author_name": "ddff", "author_email": "ddddlkk@fff.mlkdd", "text": "sssggfffseezf", "date": "2019-03-13T20:25:58.752Z", "valid": false}}, {"model": "blogapp.comment", "pk": 38, "fields": {"post": 3, "author_name": "fg", "author_email": "ffg@kjh.lmd", "text": "ghjk\r\nhhjl", "date": "2019-03-14T12:46:59.527Z", "valid": false}}, {"model": "blogapp.comment", "pk": 39, "fields": {"post": 1, "author_name": "dff", "author_email": "ddddlkk@fff.mlkdd", "text": "ddds", "date": "2019-03-14T12:58:07.637Z", "valid": false}}, {"model": "blogapp.comment", "pk": 40, "fields": {"post": 3, "author_name": "fff", "author_email": "ddddlkk@fff.mlkdd", "text": "ddd", "date": "2019-03-14T21:01:38.054Z", "valid": false}}, {"model": "blogapp.comment", "pk": 41, "fields": {"post": 2, "author_name": "dfd", "author_email": "ddddlkk@fff.mlkdd", "text": "dff", "date": "2019-03-14T21:05:11.945Z", "valid": true}}, {"model": "contactapp.contactitem", "pk": 1, "fields": {"logo": "home", "text": "3 route du Gers, L.A, CALIFORNIA, USA", "position": 0}}, {"model": "contactapp.contactitem", "pk": 2, "fields": {"logo": "envelope", "text": "email@mail.com", "position": 1}}, {"model": "contactapp.contactitem", "pk": 3, "fields": {"logo": "phone", "text": "01 23 45 67 89", "position": 2}}, {"model": "contactapp.message", "pk": 6, "fields": {"contact_name": "ffff", "contact_email": "ddf@hmlg.ghh", "subject": "ddd", "content": "ddccccc\r\nmkhf", "date": "2019-02-17T15:43:43.081Z", "read": true}}, {"model": "contactapp.message", "pk": 7, "fields": {"contact_name": "ddd", "contact_email": "dsq@op.lm", "subject": "dd", "content": "ddd", "date": "2019-02-17T16:33:10.221Z", "read": true}}, {"model": "contactapp.message", "pk": 8, "fields": {"contact_name": "ghjjkss", "contact_email": "sgs@kl.kkl", "subject": "xxw<", "content": "<qxx", "date": "2019-03-06T06:57:35.705Z", "read": false}}, {"model": "contactapp.message", "pk": 9, "fields": {"contact_name": "sdd", "contact_email": "theboss@ggg.oms", "subject": "sssddfree", "content": "dssdff", "date": "2019-03-08T13:21:41.607Z", "read": false}}, {"model": "contactapp.message", "pk": 10, "fields": {"contact_name": "capt", "contact_email": "dslhfiu@gfd.com", "subject": "d", "content": "sssssdddddddccccccccc", "date": "2019-03-08T13:27:29.728Z", "read": true}}, {"model": "contactapp.message", "pk": 11, "fields": {"contact_name": "ee", "contact_email": "ee@op.ml", "subject": "ee", "content": "ee", "date": "2019-03-14T12:16:48.582Z", "read": false}}, {"model": "contactapp.message", "pk": 12, "fields": {"contact_name": "fggg", "contact_email": "sggqfh@gk.hh", "subject": "ssszerr", "content": "fgryuej", "date": "2019-03-14T13:14:55.230Z", "read": false}}, {"model": "contactapp.message", "pk": 13, "fields": {"contact_name": "hgjg", "contact_email": "gghghgh@kl.com", "subject": "ggg", "content": "fg", "date": "2019-03-14T18:53:24.287Z", "read": false}}, {"model": "contactapp.message", "pk": 14, "fields": {"contact_name": "hgjg", "contact_email": "gghghgh@kl.com", "subject": "ggg", "content": "fg", "date": "2019-03-14T18:54:17.336Z", "read": false}}, {"model": "contactapp.message", "pk": 15, "fields": {"contact_name": "dff", "contact_email": "dslhfiu@gfd.coms", "subject": "dsd", "content": "sdsdffg", "date": "2019-03-14T19:24:47.764Z", "read": false}}, {"model": "contactapp.message", "pk": 16, "fields": {"contact_name": "trr", "contact_email": "qsdddfg@pooo.hj", "subject": "dffd", "content": "sdfhhhh", "date": "2019-03-14T21:10:18.169Z", "read": false}}, {"model": "portfolioapp.portfoliocategory", "pk": 1, "fields": {"link_name": "search-engines", "name_en": "Search engines", "name_fr": "Moteurs de recherche", "position": 1}}, {"model": "portfolioapp.portfoliocategory", "pk": 2, "fields": {"link_name": "e-commerce-sites", "name_en": "E-commerce sites", "name_fr": "Sites commerciaux", "position": 0}}, {"model": "portfolioapp.portfoliocategory", "pk": 3, "fields": {"link_name": "social-networks", "name_en": "Social networks", "name_fr": "R\u00e9seaux sociaux", "position": 2}}, {"model": "portfolioapp.portfoliocategory", "pk": 7, "fields": {"link_name": "wiki-web-applications", "name_en": "Wiki web applications", "name_fr": "Applications web wiki", "position": 3}}, {"model": "portfolioapp.project", "pk": 1, "fields": {"category": 2, "link_name": "amazon", "image": "portfolio/amazon.png", "title_en": "Amazon", "title_fr": "Amazon", "subtitle_en": "Creation of the platform", "subtitle_fr": "Cr\u00e9ation de la plateforme", "description_en": "<p><b>Amazon, Inc.</b>, is a Seattle, Washington-based, multinational technology company focusing in e-commerce, cloud computing, and artificial intelligence.</p>\r\n<p>Amazon is the largest e-commerce marketplace and cloud computing platform in the world as measured by revenue and market capitalization. Amazon.com was founded by Jeff Bezos on July 5, 1994, and started as an online bookstore but later diversified to sell video downloads/streaming, MP3 downloads/streaming, audiobook downloads/streaming, software, video games, electronics, apparel, furniture, food, toys, and jewelry. The company also owns a publishing arm, Amazon Publishing, a film and television studio, Amazon Studios, produces consumer electronics lines including Kindle e-readers, Fire tablets, Fire TV, and Echo devices, and is the world's largest provider of cloud infrastructure services (IaaS and PaaS) through its AWS subsidiary. Amazon has separate retail websites for some countries and also offers international shipping of some of its products to certain other countries. 100 million people subscribe to Amazon Prime.</p>\r\n<p>Amazon is the largest Internet company by revenue in the world and the second largest employer in the United States In 2015, Amazon surpassed Walmart as the most valuable retailer in the United States by market capitalization. In 2017, Amazon acquired Whole Foods Market for $13.4 billion, which vastly increased Amazon's presence as a brick-and-mortar retailer. The acquisition was interpreted by some as a direct attempt to challenge Walmart's traditional retail stores.</p>", "description_fr": "<p><b>Amazon.com, Inc.</b> est une entreprise de commerce \u00e9lectronique nord-am\u00e9ricaine bas\u00e9e \u00e0 Seattle. Elle est un des g\u00e9ants du Web, regroup\u00e9s sous l'acronyme GAFAM, aux c\u00f4t\u00e9s de Google, Apple, Facebook et Microsoft.</p>\r\n<p>La sp\u00e9cialit\u00e9 initiale d'Amazon \u00e9tait la vente de livres, mais elle s'est diversifi\u00e9e vers la vente d'autres produits, d'abord par l'\u00e9largissement des produits culturels disponibles \u00e0 l'achat, puis vers la mise \u00e0 disposition progressive de produits de tous types. Aujourd'hui, m\u00eame des produits alimentaires peuvent \u00eatre command\u00e9s via Amazon.</p>\r\n<p>Cr\u00e9\u00e9e par Jeff Bezos en juillet 1994, l'entreprise a \u00e9t\u00e9 introduite en bourse au Nasdaq en mai 1997.</p>\r\n<p>La filiale fran\u00e7aise d'Amazon est ouverte en 2000. En 2016, Amazon devient le premier distributeur non alimentaire en France en termes de chiffre d'affaires.</p>\r\n<p>En 2017, la soci\u00e9t\u00e9 emploie 541&#160;900&#160;personnes dans le monde et a \u00e9tabli, outre le site originel am\u00e9ricain (ouvert en 1995), des sites sp\u00e9cifiques dans de nombreux pays.</p>", "site_link": "https://www.amazon.fr/", "date": "2018-11-16"}}, {"model": "portfolioapp.project", "pk": 2, "fields": {"category": 1, "link_name": "google", "image": "portfolio/google.png", "title_en": "Google", "title_fr": "Google", "subtitle_en": "Creation of the application", "subtitle_fr": "Cr\u00e9ation de l'application", "description_en": "<p><b>Google LLC</b> is an American multinational technology company that specializes in Internet-related services and products, which include online advertising technologies, search engine, cloud computing, software, and hardware. It is considered one of the Big Four technology companies, alongside Amazon, Apple and Facebook.</p>\r\n\r\n<p>Google was founded in 1998 by Larry Page and Sergey Brin while they were Ph.D. students at Stanford University in California. Together they own about 14 percent of its shares and control 56 percent of the stockholder voting power through supervoting stock. They incorporated Google as a privately held company on September 4, 1998. An initial public offering (IPO) took place on August 19, 2004, and Google moved to its headquarters in Mountain View, California, nicknamed the Googleplex. In August 2015, Google announced plans to reorganize its various interests as a conglomerate called Alphabet Inc. Google is Alphabet's leading subsidiary and will continue to be the umbrella company for Alphabet's Internet interests. Sundar Pichai was appointed CEO of Google, replacing Larry Page who became the CEO of Alphabet.</p>\r\n\r\n<p>The company's rapid growth since incorporation has triggered a chain of products, acquisitions, and partnerships beyond Google's core search engine (Google Search). It offers services designed for work and productivity (Google Docs, Google Sheets, and Google Slides), email (Gmail/Inbox), scheduling and time management (Google Calendar), cloud storage (Google Drive), social networking (Google+), instant messaging and video chat (Google Allo, Duo, Hangouts), language translation (Google Translate), mapping and navigation (Google Maps, Waze, Google Earth, Street View), video sharing (YouTube), note-taking (Google Keep), and photo organizing and editing (Google Photos). The company leads the development of the Android mobile operating system, the Google Chrome web browser, and Chrome OS, a lightweight operating system based on the Chrome browser. Google has moved increasingly into hardware; from 2010 to 2015, it partnered with major electronics manufacturers in the production of its Nexus devices, and it released multiple hardware products in October 2016, including the Google Pixel smartphone, Google Home smart speaker, Google Wifi mesh wireless router, and Google Daydream virtual reality headset. Google has also experimented with becoming an Internet carrier (Google Fiber, Project Fi, and Google Station).</p>", "description_fr": "<p><b>Google LLC</b> est une entreprise am\u00e9ricaine de services technologiques fond\u00e9e en 1998 dans la Silicon Valley, en Californie, par Larry Page et Sergey Brin, cr\u00e9ateurs du moteur de recherche Google.</p>\r\n\r\n<p>C'est une filiale de la soci\u00e9t\u00e9 Alphabet depuis ao\u00fbt 2015.</p>\r\n\r\n<p>L'entreprise s'est principalement fait conna\u00eetre \u00e0 travers la situation monopolistique de son moteur de recherche, concurrenc\u00e9 historiquement par AltaVista puis par Yahoo! et Bing. Elle a ensuite proc\u00e9d\u00e9 \u00e0 de nombreuses acquisitions et d\u00e9veloppements et d\u00e9tient aujourd'hui de nombreux logiciels et sites web notables parmi lesquels YouTube, le syst\u00e8me d'exploitation pour t\u00e9l\u00e9phones mobiles Android, ainsi que d'autres services tels que Gmail, Google Earth, Google Maps ou Google Play.</p>\r\n\r\n<p>Google s'est donn\u00e9 comme mission \u00ab d'organiser l'information \u00e0 l'\u00e9chelle mondiale et de la rendre universellement accessible et utile \u00bb. Cela dit, le moteur de recherche prot\u00e8ge \u00e9galement les propri\u00e9t\u00e9s intellectuelles en d\u00e9sindexant les sites qui tentent de violer les droits d'auteurs. Apr\u00e8s Larry Page et Eric Schmidt, son DG est, depuis 2015, Pichai Sundararajan.</p>\r\n\r\n<p>Google est devenu l'une des premi\u00e8res entreprises am\u00e9ricaines et mondiales par sa valorisation boursi\u00e8re, quelques ann\u00e9es apr\u00e8s une entr\u00e9e en bourse originale. D\u00e9but 2008, elle valait 176 milliards de dollars \u00e0 Wall Street. Le 1er f\u00e9vrier 2016, sa capitalisation boursi\u00e8re d\u00e9passe celle d'Apple et devient la premi\u00e8re des \u00c9tats-Unis, avec un total de 550 milliards de dollars dispers\u00e9s dans ses diff\u00e9rentes cat\u00e9gories d'actions.</p>\r\n\r\n<p>En 2014, le classement Best Global Brands d'Interbrand positionne la marque Google en seconde position mondiale, derri\u00e8re la marque Apple, avec une estimation de sa valeur \u00e0 107,43 milliards de dollars (+15 % par rapport \u00e0 2013), d\u00e9passant la barre des cent milliards de dollars pour la premi\u00e8re fois depuis la cr\u00e9ation de ce classement en 1974. En 2016, le classement Brand Z Top 100 place Google en premi\u00e8re position devant Apple.</p>", "site_link": "https://google.com", "date": "2019-02-01"}}, {"model": "portfolioapp.project", "pk": 3, "fields": {"category": 3, "link_name": "twitter", "image": "portfolio/twitter.png", "title_en": "Twitter", "title_fr": "Twitter", "subtitle_en": "Update of the application.", "subtitle_fr": "Mise \u00e0 jour de l'application.", "description_en": "<p><b>Twitter</b> is an American online news and social networking service on which users post and interact with messages known as \"tweets\". Tweets were originally restricted to 140 characters, but on November 7, 2017, this limit was doubled for all languages except Chinese, Japanese, and Korean. Registered users can post, like, and retweet tweets, but unregistered users can only read them. Users access Twitter through its website interface, through Short Message Service (SMS) or its mobile-device application software (\"app\"). Twitter, Inc. is based in San Francisco, California, and has more than 25 offices around the world.</p>\r\n\r\n<p>Twitter was created in March 2006 by Jack Dorsey, Noah Glass, Biz Stone, and Evan Williams and launched in July of that year. The service rapidly gained worldwide popularity. In 2012, more than 100 million users posted 340 million tweets a day, and the service handled an average of 1.6 billion search queries per day. In 2013, it was one of the ten most-visited websites and has been described as \"the SMS of the Internet\". As of 2016, Twitter had more than 319 million monthly active users. Since 2015 Twitter has been a hotbed of debates and news covering politics of the United States. During the 2016 U.S. presidential election, Twitter was the largest source of breaking news on the day, with 40 million election-related tweets sent by 10:00 p.m. (Eastern Time) that day. It was also a source of information on Brett Kavanaugh's Supreme Court nomination and the 2018 United States midterm elections, </p>", "description_fr": "<p><b>Twitter</b> est un r\u00e9seau social de microblogage g\u00e9r\u00e9 par l'entreprise Twitter Inc. Il permet \u00e0 un utilisateur d\u2019envoyer gratuitement de brefs messages, appel\u00e9s tweets, sur internet, par messagerie instantan\u00e9e ou par SMS. Ces messages sont limit\u00e9s \u00e0 280 caract\u00e8res (140 caract\u00e8res auparavant).</p>\r\n\r\n<p>Twitter a \u00e9t\u00e9 cr\u00e9\u00e9 le 21 mars 2006 par Jack Dorsey, Evan Williams, Biz Stone et Noah Glass, et lanc\u00e9 en juillet de la m\u00eame ann\u00e9e. Le service est rapidement devenu populaire, jusqu'\u00e0 r\u00e9unir plus de 500 millions d'utilisateurs dans le monde fin f\u00e9vrier 2012. Au 5 mars 2017, Twitter compte 313 millions d\u2019utilisateurs actifs par mois avec 500 millions de tweets envoy\u00e9s par jour et est disponible en plus de 40 langues. En 2018, Twitter annonce pour la premi\u00e8re fois avoir fait du profit, notamment \u00e0 la suite de restrictions budg\u00e9taires.</p>\r\n\r\n<p>Le si\u00e8ge social de Twitter Inc. se situe aux \u00c9tats-Unis \u00e0 San Francisco. L'entreprise dispose de plus de 35 bureaux suppl\u00e9mentaires \u00e0 travers le monde et de serveurs informatiques \u00e0 New York.</p>", "site_link": "https://twitter.com", "date": "2019-01-04"}}, {"model": "portfolioapp.project", "pk": 4, "fields": {"category": 1, "link_name": "duck-duck-go", "image": "portfolio/duck.png", "title_en": "Duck Duck Go", "title_fr": "Duck Duck Go", "subtitle_en": "Creation of the application", "subtitle_fr": "Cr\u00e9ation de l'application", "description_en": "<p><b>DuckDuckGo (DDG)</b> is an Internet search engine that emphasizes protecting searchers' privacy and avoiding the filter bubble of personalized search results. DuckDuckGo distinguishes itself from other search engines by not profiling its users and by showing all users the same search results for a given search term, and emphasizes returning the best results, rather than the most results, generating those results from over 400 individual sources, including crowdsourced sites such as Wikipedia, and other search engines like Bing, Yahoo!, and Yandex. In February 2019, it had 35,343,668 daily direct searches on average.</p>\r\n\r\n<p>The company is based in Paoli, Pennsylvania, in Greater Philadelphia, and has 55 employees. The company name is a reference to the children's game duck, duck, goose.</p>\r\n\r\n<p>Some of DuckDuckGo's source code is free software hosted at GitHub under the Apache 2.0 License, but the core is proprietary. The company registered the domain names ddg.gg on February 22, 2011, ddg.co on September 20, 2013, and acquired duck.com on December 12, 2018, which are used as shortened URL aliases that redirect to duckduckgo.com.</p>", "description_fr": "<p><b>DuckDuckGo</b> est un m\u00e9ta-moteur de recherche dont la soci\u00e9t\u00e9 \u00e9ditrice est situ\u00e9e \u00e0 Valley Forge en Pennsylvanie. Il se distingue en utilisant les informations d'externalisation ouverte provenant d'autres sites (comme Wikip\u00e9dia) dans le but d'enrichir les r\u00e9sultats traditionnels et d'am\u00e9liorer la pertinence. Il propose aussi son propre moteur de recherche.</p>\r\n\r\n<p>La philosophie de ce moteur de recherche est de pr\u00e9server la vie priv\u00e9e et de ne stocker aucune information personnelle concernant les utilisateurs (adresses IP et traces num\u00e9riques comme la signature du navigateur). Cependant, par d\u00e9faut, DuckDuckGo relaie des liens sponsoris\u00e9s (publicit\u00e9s) sur son moteur de recherche.</p>\r\n\r\n<p>DuckDuckGo a \u00e9t\u00e9 en forte progression depuis l'affaire PRISM/XKeyscore ; son trafic le classe 1 152e au niveau mondial le 29 ao\u00fbt 2013, selon le cabinet d'\u00e9tudes Alexa. En f\u00e9vrier 2019, il devient 194e.</p>\r\n\r\n<p>Il consacre une partie de ses revenus \u00e0 financer des projets libres.</p>", "site_link": "https://duckduckgo.com", "date": "2018-11-02"}}, {"model": "portfolioapp.project", "pk": 5, "fields": {"category": 7, "link_name": "wikipedia", "image": "portfolio/wiki.png", "title_en": "Wikipedia", "title_fr": "Wikip\u00e9dia", "subtitle_en": "Site maintenance", "subtitle_fr": "Maintenance du site", "description_en": "<p><b>Wikipedia</b> is a multilingual, web-based, free encyclopedia based on a model of openly editable and viewable content, a wiki. It is the largest and most popular general reference work on the World Wide Web, and is one of the most popular websites by Alexa rank. It is owned and supported by the Wikimedia Foundation, a non-profit organization that operates on money it receives from donors.</p>\r\n\r\n<p>Wikipedia was launched on January 15, 2001, by Jimmy Wales and Larry Sanger. Sanger coined its name, as a portmanteau of wiki (the Hawai'ian word for \"quick\") and \"encyclopedia\". Initially an English-language encyclopedia, versions in other languages were quickly developed. With 5,819,042 articles,es 3] the English Wikipedia is the largest of the more than 290 Wikipedia encyclopedias. Overall, Wikipedia comprises more than 40 million articles in 301 different languages and by February 2014 it had reached 18 billion page views and nearly 500 million unique visitors per month.</p>\r\n\r\n<p>In 2005, Nature published a peer review comparing 42 hard science articles from Encyclop\u00e6dia Britannica and Wikipedia and found that Wikipedia's level of accuracy approached that of Britannica, although critics suggested that it might not have fared so well in a similar study of a random sampling of all articles or one focused on social science or contentious social issues. Time magazine stated that the open-door policy of allowing anyone to edit had made Wikipedia the biggest and possibly the best encyclopedia in the world, and was a testament to the vision of Jimmy Wales.</p>\r\n\r\n<p>Wikipedia has been criticized for exhibiting systemic bias, for presenting a mixture of \"truths, half truths, and some falsehoods\", and for being subject to manipulation and spin in controversial topics. In 2017, Facebook announced that it would help readers detect fake news by suitable links to Wikipedia articles. YouTube announced a similar plan in 2018.</p>", "description_fr": "<p><b>Wikipedia</b> est une encyclop\u00e9die universelle, multilingue, cr\u00e9\u00e9e par Jimmy Wales et Larry Sanger le 15 janvier 2001, g\u00e9r\u00e9e par wiki dans le site web wikipedia.org. Les versions des diff\u00e9rentes langues utilisent le m\u00eame logiciel de publication, MediaWiki, et ont la m\u00eame apparence, mais elles comportent des variations dans leurs contenus, leurs structures et leurs modalit\u00e9s d'\u00e9dition et de gestion.</p>\r\n\r\n<p>L'encyclop\u00e9die ainsi que son environnement sont h\u00e9berg\u00e9s sur Internet gr\u00e2ce aux serveurs financ\u00e9s par la Wikimedia Foundation, organisation \u00e0 but non lucratif am\u00e9ricaine, d\u00e9positaire de la marque Wikip\u00e9dia.</p>\r\n\r\n<p>L'encyclop\u00e9die est en libre acc\u00e8s, en lecture comme en \u00e9criture, c'est-\u00e0-dire que n'importe qui peut, en acc\u00e9dant au site, modifier la quasi-totalit\u00e9 des articles publi\u00e9s sous licence CC-BY-SA 3.0. En octobre 2017, Wikip\u00e9dia est le cinqui\u00e8me site le plus fr\u00e9quent\u00e9 au monde, et constitue le plus grand et le plus populaire des ouvrages de r\u00e9f\u00e9rences g\u00e9n\u00e9rales d'Internet. En f\u00e9vrier 2014, il y avait mondialement presque 500 millions de visiteurs chaque mois et en mai 2014, 22 millions de comptes pour les \u00e9diteurs, dont plus de 73 000 sont consid\u00e9r\u00e9s comme actifs.\r\n\r\nHistoriquement, l'anglais a \u00e9t\u00e9 la principale langue utilis\u00e9e, avant qu'une multitude de sites ne soient ouverts dans d'autres langues, notamment la Wikip\u00e9dia en fran\u00e7ais le 23 mars 2001 (303 langues en f\u00e9vrier 2019). La Wikip\u00e9dia en anglais a toujours conserv\u00e9 cette importance relative : le nombre d'articles s'\u00e9l\u00e8ve \u00e0 plus de 5 millions.</p>", "site_link": "https://www.wikipedia.org/", "date": "2018-11-02"}}, {"model": "portfolioapp.project", "pk": 6, "fields": {"category": 3, "link_name": "facebook", "image": "portfolio/facebook.png", "title_en": "Facebook", "title_fr": "Facebook", "subtitle_en": "Design of the application", "subtitle_fr": "Conception de l'application", "description_en": "<p><b>Facebook, Inc.</b> is an American online social media and social networking service company. It is based in Menlo Park, California. It was founded by Mark Zuckerberg, along with fellow Harvard College students and roommates Eduardo Saverin, Andrew McCollum, Dustin Moskovitz and Chris Hughes. It is considered one of the Big Four technology companies along with Amazon, Apple, and Google.</p>\r\n\r\n<p>The founders initially limited the website's membership to Harvard students and subsequently Columbia, Stanford, and Yale students. Membership was eventually expanded to the remaining Ivy League schools, MIT, and higher education institutions in the Boston area. Facebook gradually added support for students at various other universities, and eventually to high school students. Since 2006, anyone who claims to be at least 13 years old has been allowed to become a registered user of Facebook, though variations exist in this requirement, depending on local laws. The name comes from the face book directories often given to American university students. Facebook held its initial public offering (IPO) in February 2012, valuing the company at $104 billion, the largest valuation to date for a newly listed public company. It began selling stock to the public three months later. Facebook makes most of its revenue from advertisements that appear onscreen.</p>\r\n\r\n<p>The Facebook service can be accessed from devices with Internet connectivity, such as personal computers, tablets and smartphones. After registering, users can create a customized profile revealing information about themselves. Users can post text, photos and multimedia of their own devising and share it with other users as \"friends\". Users can use various embedded apps, and receive notifications of their friends' activities. Users may join common-interest groups.</p>\r\n\r\n<p>Facebook had more than 2.2 billion monthly active users as of January 2018. It receives prominent media coverage, including many controversies such as user privacy and psychological effects. The company has faced intense pressure over censorship and over content that some users find objectionable.</p>\r\n\r\n<p>Facebook's initial public offering (IPO) in February 2012 was the largest initial valuation to date for a public company ($104 billion).</p>\r\n\r\n<p>Facebook offers other products and services. It acquired Instagram, WhatsApp and Oculus Rift and independently developed Facebook Messenger.</p>", "description_fr": "<p><b>Facebook</b> est un r\u00e9seau social en ligne qui permet \u00e0 ses utilisateurs de publier des images, des photos, des vid\u00e9os, des fichiers et documents, d'\u00e9changer des messages, joindre et cr\u00e9er des groupes et d'utiliser une vari\u00e9t\u00e9 d'applications.</p>\r\n\r\n<p>Facebook est fond\u00e9 en 2004 par Mark Zuckerberg et ses camarades de l'universit\u00e9 Harvard ; d'abord r\u00e9serv\u00e9 aux \u00e9tudiants de cette universit\u00e9, il s'est ensuite ouvert \u00e0 d'autres universit\u00e9s am\u00e9ricaines avant de devenir accessible \u00e0 tous en septembre 2006. Le nom du site provient des albums photo (\u00ab trombinoscopes \u00bb ou \u00ab facebooks \u00bb en anglais) regroupant les photos des visages de tous les \u00e9l\u00e8ves prises en d\u00e9but d'ann\u00e9e universitaire.</p>\r\n\r\n<p>Troisi\u00e8me site web le plus visit\u00e9 au monde apr\u00e8s Google et YouTube selon Alexa, il franchit en juin 2017 le nombre de 2 milliards d'utilisateurs actifs. Le 24 ao\u00fbt 2015, pour la premi\u00e8re fois, un milliard de personnes ont utilis\u00e9 Facebook dans la m\u00eame journ\u00e9e.</p>\r\n\r\n<p>Facebook fait r\u00e9guli\u00e8rement l'objet de d\u00e9bats tant sur le plan politique que juridique, \u00e9conomique, culturel et social. Son influence dans la sph\u00e8re publique et la mani\u00e8re dont il affecte la vie sociale de ses utilisateurs, son usage des donn\u00e9es personnelles, son r\u00f4le dans la propagation des fake news, sa responsabilit\u00e9 dans la banalisation des discours de haine, ou bien encore sa politique de r\u00e9gulation des contenus sont ainsi souvent discut\u00e9s dans l'actualit\u00e9.</p>", "site_link": "https://www.facebook.com/", "date": "2018-12-08"}}, {"model": "portfolioapp.project", "pk": 7, "fields": {"category": 2, "link_name": "alibaba", "image": "portfolio/alibaba.png", "title_en": "Alibaba", "title_fr": "Alibaba", "subtitle_en": "Creation of the platform", "subtitle_fr": "Cr\u00e9ation de la plateforme", "description_en": "<p><b>Alibaba Group Holding Limited (Chinese: \u963f\u91cc\u5df4\u5df4\u96c6\u56e2\u63a7\u80a1\u6709\u9650\u516c\u53f8)</b> is a Chinese multinational conglomerate specializing in e-commerce, retail, Internet and technology. Founded April 4, 1999, the company provides consumer-to-consumer (C2C), business-to-consumer (B2C),and business-to-business (B2B) sales services via web portals, as well as electronic payment services, shopping search engines and cloud computing services. It owns and operates a diverse array of businesses around the world in numerous sectors, and is named as one of the world's most admired companies by Fortune.</p>\r\n\r\n<p>At closing time on the date of its initial public offering (IPO) \u2013 US$25 billion \u2013 the world's highest in history, 19 September 2014, Alibaba's market value was US$231 billion. As of 19 December 2018, Alibaba's market cap stood at US$352.28 billion. It is one of the top 10 most valuable and biggest companies in the world. In January 2018, Alibaba became the second Asian company to break the US$500 billion valuation mark, after its competitor Tencent. As of 2018, Alibaba has the 9th highest global brand value.</p>\r\n\r\n<p>With operations in over 200 countries and territories, Alibaba is the world's largest retailer and e-commerce company, one of the largest Internet and AI companies, one of the biggest venture capital firms, and one of the biggest investment corporations in the world. The company hosts the largest B2B (Alibaba.com), C2C (Taobao), and B2C (Tmall) marketplaces in the world. Its online sales and profits surpassed all US retailers (including Walmart, Amazon and eBay) combined since 2015. It has been expanding into the media industry, with revenues rising by triple percentage points year on year. It also sets the record on the 2018 edition of China's Singles' Day, the world's biggest online and offline shopping day.</p>", "description_fr": "<p><b>Alibaba Group (chinois simplifi\u00e9 : \u963f\u91cc\u5df4\u5df4\u96c6\u56e2 ; chinois traditionnel : \u963f\u91cc\u5df4\u5df4\u96c6\u5718)</b> est une soci\u00e9t\u00e9 chinoise \u00e0 capital priv\u00e9 et d\u00e9tenue par une famille qui tire principalement ses revenus de ses activit\u00e9s sur Internet, dont un march\u00e9 public destin\u00e9 \u00e0 faciliter les \u00e9changes entre entreprises (qu'ils soient internationaux ou chinois), des plateformes de paiements et de ventes au d\u00e9tail, un moteur de recherche pour le magasinage et des services de cloud computing.</p>", "site_link": "https://www.alibabagroup.com", "date": "2018-11-07"}}, {"model": "portfolioapp.project", "pk": 8, "fields": {"category": 2, "link_name": "ebay", "image": "portfolio/ebay.png", "title_en": "eBay", "title_fr": "eBay", "subtitle_en": "Site maintenance", "subtitle_fr": "Maintenance du site", "description_en": "<p><b>eBay Inc.</b> is an American multinational e-commerce corporation based in San Jose, California that facilitates consumer-to-consumer and business-to-consumer sales through its website. eBay was founded by Pierre Omidyar in the autumn of 1995, and became a notable success story of the dot-com bubble. eBay is a multibillion-dollar business with operations in about 30 countries, as of 2011. The company manages the eBay website, an online auction and shopping website in which people and businesses buy and sell a wide variety of goods and services worldwide. The website is free to use for buyers, but sellers are charged fees for listing items after a limited number of free listings, and again when those items are sold.</p>\r\n\r\n<p>In addition to eBay's original auction-style sales, the website has evolved and expanded to include: instant \"Buy It Now\" shopping; shopping by Universal Product Code, ISBN, or other kind of SKU number (via Half.com, which was shut down in 2017); online classified advertisements (via Kijiji, or eBay Classifieds); online event ticket trading (via StubHub); and other services. eBay previously offered online money transfers as part of its services (via PayPal, which was a wholly owned subsidiary of eBay from 2002 to 2015).</p>", "description_fr": "<p><b>eBay </b> est une entreprise am\u00e9ricaine de courtage en ligne, connue par son site web de ventes aux ench\u00e8res du m\u00eame nom. Elle a \u00e9t\u00e9 cr\u00e9\u00e9e en 1995 par le Fran\u00e7ais Pierre Omidyar. Elle est devenue une r\u00e9f\u00e9rence mondiale dans son secteur et un ph\u00e9nom\u00e8ne de soci\u00e9t\u00e9. En 2009, elle comptait plus de 276 millions de membres inscrits.</p>\r\n\r\n<p>Le si\u00e8ge social d'eBay est \u00e0 San Jos\u00e9 dans la Silicon Valley en Californie. Devin Wenig en est le pr\u00e9sident directeur g\u00e9n\u00e9ral depuis juillet 2015. Cette soci\u00e9t\u00e9 emploie 13 000 personnes pour un chiffre d'affaires en 2007 de 7,67 milliards de dollars et de 8,54 en 2008 soit un b\u00e9n\u00e9fice de 1,78 milliard USD en 1 an. Port\u00e9 par le boom d'Internet et du commerce \u00e9lectronique, le site eBay conna\u00eet un \u00e9norme succ\u00e8s depuis ses d\u00e9buts.</p>", "site_link": "https://www.ebay.com/", "date": "2018-12-29"}}, {"model": "admin.logentry", "pk": 1, "fields": {"action_time": "2019-02-14T19:16:43.819Z", "user": 1, "content_type": 7, "object_id": "1", "object_repr": "PortfolioCategory object (1)", "action_flag": 1, "change_message": "[{\"added\": {}}]"}}, {"model": "admin.logentry", "pk": 2, "fields": {"action_time": "2019-02-14T19:17:16.508Z", "user": 1, "content_type": 7, "object_id": "2", "object_repr": "PortfolioCategory object (2)", "action_flag": 1, "change_message": "[{\"added\": {}}]"}}, {"model": "admin.logentry", "pk": 3, "fields": {"action_time": "2019-02-14T19:17:47.678Z", "user": 1, "content_type": 7, "object_id": "3", "object_repr": "PortfolioCategory object (3)", "action_flag": 1, "change_message": "[{\"added\": {}}]"}}, {"model": "admin.logentry", "pk": 4, "fields": {"action_time": "2019-02-14T19:22:38.385Z", "user": 1, "content_type": 8, "object_id": "1", "object_repr": "Project object (1)", "action_flag": 1, "change_message": "[{\"added\": {}}]"}}, {"model": "admin.logentry", "pk": 5, "fields": {"action_time": "2019-02-15T08:23:53.247Z", "user": 1, "content_type": 8, "object_id": "2", "object_repr": "Project object (2)", "action_flag": 1, "change_message": "[{\"added\": {}}]"}}, {"model": "admin.logentry", "pk": 6, "fields": {"action_time": "2019-02-15T08:24:53.106Z", "user": 1, "content_type": 8, "object_id": "3", "object_repr": "Project object (3)", "action_flag": 1, "change_message": "[{\"added\": {}}]"}}, {"model": "admin.logentry", "pk": 7, "fields": {"action_time": "2019-02-15T08:27:13.798Z", "user": 1, "content_type": 8, "object_id": "4", "object_repr": "Project object (4)", "action_flag": 1, "change_message": "[{\"added\": {}}]"}}, {"model": "admin.logentry", "pk": 8, "fields": {"action_time": "2019-02-15T08:35:01.904Z", "user": 1, "content_type": 8, "object_id": "4", "object_repr": "Project object (4)", "action_flag": 2, "change_message": "[{\"changed\": {\"fields\": [\"image\"]}}]"}}, {"model": "admin.logentry", "pk": 9, "fields": {"action_time": "2019-02-15T08:42:10.947Z", "user": 1, "content_type": 8, "object_id": "4", "object_repr": "Project object (4)", "action_flag": 2, "change_message": "[{\"changed\": {\"fields\": [\"image\"]}}]"}}, {"model": "admin.logentry", "pk": 10, "fields": {"action_time": "2019-02-15T08:43:00.133Z", "user": 1, "content_type": 8, "object_id": "3", "object_repr": "Project object (3)", "action_flag": 2, "change_message": "[{\"changed\": {\"fields\": [\"image\"]}}]"}}, {"model": "admin.logentry", "pk": 11, "fields": {"action_time": "2019-02-15T08:43:45.767Z", "user": 1, "content_type": 8, "object_id": "2", "object_repr": "Project object (2)", "action_flag": 2, "change_message": "[{\"changed\": {\"fields\": [\"image\"]}}]"}}, {"model": "admin.logentry", "pk": 12, "fields": {"action_time": "2019-02-15T08:43:54.245Z", "user": 1, "content_type": 8, "object_id": "1", "object_repr": "Project object (1)", "action_flag": 2, "change_message": "[{\"changed\": {\"fields\": [\"image\"]}}]"}}, {"model": "admin.logentry", "pk": 13, "fields": {"action_time": "2019-02-15T08:45:19.011Z", "user": 1, "content_type": 8, "object_id": "5", "object_repr": "Project object (5)", "action_flag": 1, "change_message": "[{\"added\": {}}]"}}, {"model": "admin.logentry", "pk": 14, "fields": {"action_time": "2019-02-15T08:47:31.550Z", "user": 1, "content_type": 8, "object_id": "6", "object_repr": "Project object (6)", "action_flag": 1, "change_message": "[{\"added\": {}}]"}}, {"model": "admin.logentry", "pk": 15, "fields": {"action_time": "2019-02-15T09:10:37.852Z", "user": 1, "content_type": 7, "object_id": "4", "object_repr": "PortfolioCategory object (4)", "action_flag": 1, "change_message": "[{\"added\": {}}]"}}, {"model": "admin.logentry", "pk": 16, "fields": {"action_time": "2019-02-15T09:12:23.240Z", "user": 1, "content_type": 7, "object_id": "5", "object_repr": "PortfolioCategory object (5)", "action_flag": 1, "change_message": "[{\"added\": {}}]"}}, {"model": "admin.logentry", "pk": 17, "fields": {"action_time": "2019-02-15T09:12:43.190Z", "user": 1, "content_type": 7, "object_id": "6", "object_repr": "PortfolioCategory object (6)", "action_flag": 1, "change_message": "[{\"added\": {}}]"}}, {"model": "admin.logentry", "pk": 18, "fields": {"action_time": "2019-02-15T10:51:02.028Z", "user": 1, "content_type": 8, "object_id": "6", "object_repr": "Project object (6)", "action_flag": 2, "change_message": "[{\"changed\": {\"fields\": [\"category\"]}}]"}}, {"model": "admin.logentry", "pk": 19, "fields": {"action_time": "2019-02-15T11:32:46.115Z", "user": 1, "content_type": 8, "object_id": "6", "object_repr": "Project object (6)", "action_flag": 2, "change_message": "[{\"changed\": {\"fields\": [\"category\"]}}]"}}, {"model": "admin.logentry", "pk": 20, "fields": {"action_time": "2019-02-15T11:47:38.643Z", "user": 1, "content_type": 8, "object_id": "4", "object_repr": "Project object (4)", "action_flag": 2, "change_message": "[{\"changed\": {\"fields\": [\"category\"]}}]"}}, {"model": "admin.logentry", "pk": 21, "fields": {"action_time": "2019-02-15T11:47:49.173Z", "user": 1, "content_type": 8, "object_id": "6", "object_repr": "Project object (6)", "action_flag": 2, "change_message": "[{\"changed\": {\"fields\": [\"category\"]}}]"}}, {"model": "admin.logentry", "pk": 22, "fields": {"action_time": "2019-02-15T13:48:16.477Z", "user": 1, "content_type": 8, "object_id": "4", "object_repr": "Project object (4)", "action_flag": 2, "change_message": "[]"}}, {"model": "admin.logentry", "pk": 23, "fields": {"action_time": "2019-02-15T13:53:57.336Z", "user": 1, "content_type": 8, "object_id": "1", "object_repr": "Project object (1)", "action_flag": 2, "change_message": "[{\"changed\": {\"fields\": [\"image\", \"link\"]}}]"}}, {"model": "admin.logentry", "pk": 24, "fields": {"action_time": "2019-02-15T13:54:22.519Z", "user": 1, "content_type": 8, "object_id": "2", "object_repr": "Project object (2)", "action_flag": 2, "change_message": "[{\"changed\": {\"fields\": [\"image\", \"link\"]}}]"}}, {"model": "admin.logentry", "pk": 25, "fields": {"action_time": "2019-02-15T13:55:02.953Z", "user": 1, "content_type": 8, "object_id": "3", "object_repr": "Project object (3)", "action_flag": 2, "change_message": "[{\"changed\": {\"fields\": [\"image\", \"link\"]}}]"}}, {"model": "admin.logentry", "pk": 26, "fields": {"action_time": "2019-02-15T13:55:59.547Z", "user": 1, "content_type": 8, "object_id": "5", "object_repr": "Project object (5)", "action_flag": 2, "change_message": "[{\"changed\": {\"fields\": [\"image\", \"link\"]}}]"}}, {"model": "admin.logentry", "pk": 27, "fields": {"action_time": "2019-02-15T13:57:09.091Z", "user": 1, "content_type": 8, "object_id": "6", "object_repr": "Project object (6)", "action_flag": 2, "change_message": "[{\"changed\": {\"fields\": [\"image\", \"link\"]}}]"}}, {"model": "admin.logentry", "pk": 28, "fields": {"action_time": "2019-02-15T15:00:18.291Z", "user": 1, "content_type": 7, "object_id": "6", "object_repr": "PortfolioCategory object (6)", "action_flag": 3, "change_message": ""}}, {"model": "admin.logentry", "pk": 29, "fields": {"action_time": "2019-02-15T15:00:18.305Z", "user": 1, "content_type": 7, "object_id": "5", "object_repr": "PortfolioCategory object (5)", "action_flag": 3, "change_message": ""}}, {"model": "admin.logentry", "pk": 30, "fields": {"action_time": "2019-02-15T15:00:18.323Z", "user": 1, "content_type": 7, "object_id": "4", "object_repr": "PortfolioCategory object (4)", "action_flag": 3, "change_message": ""}}, {"model": "admin.logentry", "pk": 31, "fields": {"action_time": "2019-02-15T15:07:52.679Z", "user": 1, "content_type": 8, "object_id": "7", "object_repr": "Project object (7)", "action_flag": 1, "change_message": "[{\"added\": {}}]"}}, {"model": "admin.logentry", "pk": 32, "fields": {"action_time": "2019-02-15T15:10:20.963Z", "user": 1, "content_type": 8, "object_id": "8", "object_repr": "Project object (8)", "action_flag": 1, "change_message": "[{\"added\": {}}]"}}, {"model": "admin.logentry", "pk": 33, "fields": {"action_time": "2019-02-15T15:11:32.070Z", "user": 1, "content_type": 8, "object_id": "8", "object_repr": "Project object (8)", "action_flag": 2, "change_message": "[{\"changed\": {\"fields\": [\"description_fr\"]}}]"}}, {"model": "admin.logentry", "pk": 34, "fields": {"action_time": "2019-02-15T15:12:14.202Z", "user": 1, "content_type": 8, "object_id": "8", "object_repr": "Project object (8)", "action_flag": 2, "change_message": "[{\"changed\": {\"fields\": [\"description_en\", \"description_fr\"]}}]"}}, {"model": "admin.logentry", "pk": 35, "fields": {"action_time": "2019-02-15T20:57:07.229Z", "user": 1, "content_type": 9, "object_id": "1", "object_repr": "BlogCategory object (1)", "action_flag": 1, "change_message": "[{\"added\": {}}]"}}, {"model": "admin.logentry", "pk": 36, "fields": {"action_time": "2019-02-15T20:57:25.662Z", "user": 1, "content_type": 9, "object_id": "2", "object_repr": "BlogCategory object (2)", "action_flag": 1, "change_message": "[{\"added\": {}}]"}}, {"model": "admin.logentry", "pk": 37, "fields": {"action_time": "2019-02-15T21:01:42.072Z", "user": 1, "content_type": 10, "object_id": "1", "object_repr": "Post object (1)", "action_flag": 1, "change_message": "[{\"added\": {}}]"}}, {"model": "admin.logentry", "pk": 38, "fields": {"action_time": "2019-02-15T21:03:11.226Z", "user": 1, "content_type": 10, "object_id": "1", "object_repr": "Post object (1)", "action_flag": 2, "change_message": "[{\"changed\": {\"fields\": [\"image\"]}}]"}}, {"model": "admin.logentry", "pk": 39, "fields": {"action_time": "2019-02-15T23:09:54.500Z", "user": 1, "content_type": 10, "object_id": "2", "object_repr": "Post object (2)", "action_flag": 1, "change_message": "[{\"added\": {}}]"}}, {"model": "admin.logentry", "pk": 40, "fields": {"action_time": "2019-02-15T23:11:13.158Z", "user": 1, "content_type": 10, "object_id": "3", "object_repr": "Post object (3)", "action_flag": 1, "change_message": "[{\"added\": {}}]"}}, {"model": "admin.logentry", "pk": 41, "fields": {"action_time": "2019-02-16T16:32:37.827Z", "user": 1, "content_type": 11, "object_id": "1", "object_repr": "Comment object (1)", "action_flag": 1, "change_message": "[{\"added\": {}}]"}}, {"model": "admin.logentry", "pk": 42, "fields": {"action_time": "2019-02-16T16:33:03.960Z", "user": 1, "content_type": 11, "object_id": "1", "object_repr": "Comment object (1)", "action_flag": 2, "change_message": "[{\"changed\": {\"fields\": [\"valid\"]}}]"}}, {"model": "admin.logentry", "pk": 43, "fields": {"action_time": "2019-02-16T17:51:35.450Z", "user": 1, "content_type": 11, "object_id": "1", "object_repr": "Comment object (1)", "action_flag": 3, "change_message": ""}}, {"model": "admin.logentry", "pk": 44, "fields": {"action_time": "2019-02-16T18:50:40.230Z", "user": 1, "content_type": 11, "object_id": "2", "object_repr": "Comment object (2)", "action_flag": 3, "change_message": ""}}, {"model": "admin.logentry", "pk": 45, "fields": {"action_time": "2019-02-16T18:58:52.400Z", "user": 1, "content_type": 11, "object_id": "4", "object_repr": "Comment object (4)", "action_flag": 2, "change_message": "[{\"changed\": {\"fields\": [\"valid\"]}}]"}}, {"model": "admin.logentry", "pk": 46, "fields": {"action_time": "2019-02-16T18:58:58.605Z", "user": 1, "content_type": 11, "object_id": "3", "object_repr": "Comment object (3)", "action_flag": 2, "change_message": "[{\"changed\": {\"fields\": [\"valid\"]}}]"}}, {"model": "admin.logentry", "pk": 47, "fields": {"action_time": "2019-02-16T19:32:31.165Z", "user": 1, "content_type": 11, "object_id": "6", "object_repr": "Comment object (6)", "action_flag": 2, "change_message": "[{\"changed\": {\"fields\": [\"valid\"]}}]"}}, {"model": "admin.logentry", "pk": 48, "fields": {"action_time": "2019-02-16T19:32:38.014Z", "user": 1, "content_type": 11, "object_id": "5", "object_repr": "Comment object (5)", "action_flag": 2, "change_message": "[{\"changed\": {\"fields\": [\"valid\"]}}]"}}, {"model": "admin.logentry", "pk": 49, "fields": {"action_time": "2019-02-16T19:45:19.019Z", "user": 1, "content_type": 11, "object_id": "9", "object_repr": "Comment object (9)", "action_flag": 3, "change_message": ""}}, {"model": "admin.logentry", "pk": 50, "fields": {"action_time": "2019-02-16T19:45:19.037Z", "user": 1, "content_type": 11, "object_id": "8", "object_repr": "Comment object (8)", "action_flag": 3, "change_message": ""}}, {"model": "admin.logentry", "pk": 51, "fields": {"action_time": "2019-02-16T19:45:19.046Z", "user": 1, "content_type": 11, "object_id": "7", "object_repr": "Comment object (7)", "action_flag": 3, "change_message": ""}}, {"model": "admin.logentry", "pk": 52, "fields": {"action_time": "2019-02-16T20:49:19.882Z", "user": 1, "content_type": 11, "object_id": "11", "object_repr": "Comment object (11)", "action_flag": 3, "change_message": ""}}, {"model": "admin.logentry", "pk": 53, "fields": {"action_time": "2019-02-16T20:49:19.903Z", "user": 1, "content_type": 11, "object_id": "10", "object_repr": "Comment object (10)", "action_flag": 3, "change_message": ""}}, {"model": "admin.logentry", "pk": 54, "fields": {"action_time": "2019-02-16T21:02:10.766Z", "user": 1, "content_type": 11, "object_id": "14", "object_repr": "Comment object (14)", "action_flag": 3, "change_message": ""}}, {"model": "admin.logentry", "pk": 55, "fields": {"action_time": "2019-02-16T21:02:10.804Z", "user": 1, "content_type": 11, "object_id": "13", "object_repr": "Comment object (13)", "action_flag": 3, "change_message": ""}}, {"model": "admin.logentry", "pk": 56, "fields": {"action_time": "2019-02-16T21:02:10.816Z", "user": 1, "content_type": 11, "object_id": "12", "object_repr": "Comment object (12)", "action_flag": 3, "change_message": ""}}, {"model": "admin.logentry", "pk": 57, "fields": {"action_time": "2019-02-16T21:03:12.053Z", "user": 1, "content_type": 11, "object_id": "15", "object_repr": "Comment object (15)", "action_flag": 2, "change_message": "[{\"changed\": {\"fields\": [\"valid\"]}}]"}}, {"model": "admin.logentry", "pk": 58, "fields": {"action_time": "2019-02-16T21:32:27.402Z", "user": 1, "content_type": 11, "object_id": "22", "object_repr": "Comment object (22)", "action_flag": 3, "change_message": ""}}, {"model": "admin.logentry", "pk": 59, "fields": {"action_time": "2019-02-16T21:32:27.419Z", "user": 1, "content_type": 11, "object_id": "21", "object_repr": "Comment object (21)", "action_flag": 3, "change_message": ""}}, {"model": "admin.logentry", "pk": 60, "fields": {"action_time": "2019-02-16T21:32:27.429Z", "user": 1, "content_type": 11, "object_id": "20", "object_repr": "Comment object (20)", "action_flag": 3, "change_message": ""}}, {"model": "admin.logentry", "pk": 61, "fields": {"action_time": "2019-02-16T21:32:27.439Z", "user": 1, "content_type": 11, "object_id": "19", "object_repr": "Comment object (19)", "action_flag": 3, "change_message": ""}}, {"model": "admin.logentry", "pk": 62, "fields": {"action_time": "2019-02-16T21:32:27.447Z", "user": 1, "content_type": 11, "object_id": "18", "object_repr": "Comment object (18)", "action_flag": 3, "change_message": ""}}, {"model": "admin.logentry", "pk": 63, "fields": {"action_time": "2019-02-16T21:32:27.459Z", "user": 1, "content_type": 11, "object_id": "17", "object_repr": "Comment object (17)", "action_flag": 3, "change_message": ""}}, {"model": "admin.logentry", "pk": 64, "fields": {"action_time": "2019-02-16T21:32:27.468Z", "user": 1, "content_type": 11, "object_id": "16", "object_repr": "Comment object (16)", "action_flag": 3, "change_message": ""}}, {"model": "admin.logentry", "pk": 65, "fields": {"action_time": "2019-02-16T21:44:07.687Z", "user": 1, "content_type": 11, "object_id": "25", "object_repr": "Comment object (25)", "action_flag": 2, "change_message": "[{\"changed\": {\"fields\": [\"valid\"]}}]"}}, {"model": "admin.logentry", "pk": 66, "fields": {"action_time": "2019-02-16T21:44:11.371Z", "user": 1, "content_type": 11, "object_id": "24", "object_repr": "Comment object (24)", "action_flag": 2, "change_message": "[]"}}, {"model": "admin.logentry", "pk": 67, "fields": {"action_time": "2019-02-16T21:44:20.551Z", "user": 1, "content_type": 11, "object_id": "23", "object_repr": "Comment object (23)", "action_flag": 2, "change_message": "[{\"changed\": {\"fields\": [\"valid\"]}}]"}}, {"model": "admin.logentry", "pk": 68, "fields": {"action_time": "2019-02-16T21:44:28.911Z", "user": 1, "content_type": 11, "object_id": "26", "object_repr": "Comment object (26)", "action_flag": 3, "change_message": ""}}, {"model": "admin.logentry", "pk": 69, "fields": {"action_time": "2019-02-16T21:44:28.924Z", "user": 1, "content_type": 11, "object_id": "24", "object_repr": "Comment object (24)", "action_flag": 3, "change_message": ""}}, {"model": "admin.logentry", "pk": 70, "fields": {"action_time": "2019-02-17T09:31:45.165Z", "user": 1, "content_type": 11, "object_id": "3", "object_repr": "Comment object (3)", "action_flag": 2, "change_message": "[{\"changed\": {\"fields\": [\"author_name\", \"author_email\", \"text\"]}}]"}}, {"model": "admin.logentry", "pk": 71, "fields": {"action_time": "2019-02-17T09:32:22.577Z", "user": 1, "content_type": 11, "object_id": "4", "object_repr": "Comment object (4)", "action_flag": 2, "change_message": "[{\"changed\": {\"fields\": [\"author_name\", \"author_email\", \"text\"]}}]"}}, {"model": "admin.logentry", "pk": 72, "fields": {"action_time": "2019-02-17T09:32:43.280Z", "user": 1, "content_type": 11, "object_id": "5", "object_repr": "Comment object (5)", "action_flag": 2, "change_message": "[{\"changed\": {\"fields\": [\"author_name\", \"author_email\", \"text\"]}}]"}}, {"model": "admin.logentry", "pk": 73, "fields": {"action_time": "2019-02-17T09:33:08.144Z", "user": 1, "content_type": 11, "object_id": "6", "object_repr": "Comment object (6)", "action_flag": 2, "change_message": "[{\"changed\": {\"fields\": [\"post\", \"author_name\", \"author_email\", \"text\"]}}]"}}, {"model": "admin.logentry", "pk": 74, "fields": {"action_time": "2019-02-17T09:33:25.389Z", "user": 1, "content_type": 11, "object_id": "15", "object_repr": "Comment object (15)", "action_flag": 2, "change_message": "[{\"changed\": {\"fields\": [\"author_name\", \"author_email\", \"text\"]}}]"}}, {"model": "admin.logentry", "pk": 75, "fields": {"action_time": "2019-02-17T09:33:56.455Z", "user": 1, "content_type": 11, "object_id": "23", "object_repr": "Comment object (23)", "action_flag": 2, "change_message": "[{\"changed\": {\"fields\": [\"author_name\", \"author_email\", \"text\"]}}]"}}, {"model": "admin.logentry", "pk": 76, "fields": {"action_time": "2019-02-17T09:34:35.713Z", "user": 1, "content_type": 11, "object_id": "25", "object_repr": "Comment object (25)", "action_flag": 2, "change_message": "[{\"changed\": {\"fields\": [\"post\", \"author_name\", \"author_email\", \"text\"]}}]"}}, {"model": "admin.logentry", "pk": 77, "fields": {"action_time": "2019-02-17T09:35:06.787Z", "user": 1, "content_type": 11, "object_id": "25", "object_repr": "Comment object (25)", "action_flag": 2, "change_message": "[{\"changed\": {\"fields\": [\"post\"]}}]"}}, {"model": "admin.logentry", "pk": 78, "fields": {"action_time": "2019-02-17T09:35:31.447Z", "user": 1, "content_type": 11, "object_id": "27", "object_repr": "Comment object (27)", "action_flag": 2, "change_message": "[{\"changed\": {\"fields\": [\"author_name\", \"author_email\", \"text\"]}}]"}}, {"model": "admin.logentry", "pk": 79, "fields": {"action_time": "2019-02-17T09:36:09.211Z", "user": 1, "content_type": 11, "object_id": "28", "object_repr": "Comment object (28)", "action_flag": 2, "change_message": "[{\"changed\": {\"fields\": [\"author_name\", \"author_email\", \"text\"]}}]"}}, {"model": "admin.logentry", "pk": 80, "fields": {"action_time": "2019-02-17T09:36:15.365Z", "user": 1, "content_type": 11, "object_id": "28", "object_repr": "Comment object (28)", "action_flag": 2, "change_message": "[{\"changed\": {\"fields\": [\"post\"]}}]"}}, {"model": "admin.logentry", "pk": 81, "fields": {"action_time": "2019-02-17T14:07:46.315Z", "user": 1, "content_type": 12, "object_id": "1", "object_repr": "Message object (1)", "action_flag": 2, "change_message": "[{\"changed\": {\"fields\": [\"status\"]}}]"}}, {"model": "admin.logentry", "pk": 82, "fields": {"action_time": "2019-02-17T14:14:20.627Z", "user": 1, "content_type": 11, "object_id": "29", "object_repr": "Comment object (29)", "action_flag": 3, "change_message": ""}}, {"model": "admin.logentry", "pk": 83, "fields": {"action_time": "2019-02-17T14:15:52.398Z", "user": 1, "content_type": 12, "object_id": "1", "object_repr": "Message object (1)", "action_flag": 3, "change_message": ""}}, {"model": "admin.logentry", "pk": 84, "fields": {"action_time": "2019-02-17T14:18:26.785Z", "user": 1, "content_type": 11, "object_id": "30", "object_repr": "Comment object (30)", "action_flag": 3, "change_message": ""}}, {"model": "admin.logentry", "pk": 85, "fields": {"action_time": "2019-02-17T14:21:14.893Z", "user": 1, "content_type": 12, "object_id": "2", "object_repr": "Message object (2)", "action_flag": 3, "change_message": ""}}, {"model": "admin.logentry", "pk": 86, "fields": {"action_time": "2019-02-17T14:28:07.608Z", "user": 1, "content_type": 12, "object_id": "3", "object_repr": "Message object (3)", "action_flag": 2, "change_message": "[{\"changed\": {\"fields\": [\"read\"]}}]"}}, {"model": "admin.logentry", "pk": 87, "fields": {"action_time": "2019-02-17T14:29:30.428Z", "user": 1, "content_type": 12, "object_id": "4", "object_repr": "Message object (4)", "action_flag": 3, "change_message": ""}}, {"model": "admin.logentry", "pk": 88, "fields": {"action_time": "2019-02-17T14:29:30.442Z", "user": 1, "content_type": 12, "object_id": "3", "object_repr": "Message object (3)", "action_flag": 3, "change_message": ""}}, {"model": "admin.logentry", "pk": 89, "fields": {"action_time": "2019-02-17T14:29:57.665Z", "user": 1, "content_type": 11, "object_id": "31", "object_repr": "Comment object (31)", "action_flag": 3, "change_message": ""}}, {"model": "admin.logentry", "pk": 90, "fields": {"action_time": "2019-02-17T15:21:17.060Z", "user": 1, "content_type": 12, "object_id": "5", "object_repr": "Message object (5)", "action_flag": 2, "change_message": "[{\"changed\": {\"fields\": [\"read\"]}}]"}}, {"model": "admin.logentry", "pk": 91, "fields": {"action_time": "2019-02-17T15:40:17.330Z", "user": 1, "content_type": 12, "object_id": "5", "object_repr": "Message object (5)", "action_flag": 2, "change_message": "[{\"changed\": {\"fields\": [\"read\"]}}]"}}, {"model": "admin.logentry", "pk": 92, "fields": {"action_time": "2019-02-17T15:41:09.950Z", "user": 1, "content_type": 12, "object_id": "5", "object_repr": "Message object (5)", "action_flag": 2, "change_message": "[{\"changed\": {\"fields\": [\"read\"]}}]"}}, {"model": "admin.logentry", "pk": 93, "fields": {"action_time": "2019-02-17T15:42:33.634Z", "user": 1, "content_type": 12, "object_id": "5", "object_repr": "Message object (5)", "action_flag": 3, "change_message": ""}}, {"model": "admin.logentry", "pk": 94, "fields": {"action_time": "2019-02-17T15:44:22.383Z", "user": 1, "content_type": 12, "object_id": "6", "object_repr": "Message object (6)", "action_flag": 2, "change_message": "[{\"changed\": {\"fields\": [\"read\"]}}]"}}, {"model": "admin.logentry", "pk": 95, "fields": {"action_time": "2019-02-17T16:29:29.064Z", "user": 1, "content_type": 11, "object_id": "28", "object_repr": "Comment object (28)", "action_flag": 2, "change_message": "[{\"changed\": {\"fields\": [\"valid\"]}}]"}}, {"model": "admin.logentry", "pk": 96, "fields": {"action_time": "2019-02-17T16:29:40.249Z", "user": 1, "content_type": 11, "object_id": "28", "object_repr": "Comment object (28)", "action_flag": 2, "change_message": "[{\"changed\": {\"fields\": [\"valid\"]}}]"}}, {"model": "admin.logentry", "pk": 97, "fields": {"action_time": "2019-02-17T16:33:38.560Z", "user": 1, "content_type": 12, "object_id": "7", "object_repr": "Message object (7)", "action_flag": 2, "change_message": "[{\"changed\": {\"fields\": [\"read\"]}}]"}}, {"model": "admin.logentry", "pk": 98, "fields": {"action_time": "2019-02-17T17:06:02.509Z", "user": 1, "content_type": 8, "object_id": "3", "object_repr": "Project object (3)", "action_flag": 2, "change_message": "[{\"changed\": {\"fields\": [\"description_fr\"]}}]"}}, {"model": "admin.logentry", "pk": 99, "fields": {"action_time": "2019-02-17T17:15:10.106Z", "user": 1, "content_type": 8, "object_id": "3", "object_repr": "Project object (3)", "action_flag": 2, "change_message": "[{\"changed\": {\"fields\": [\"description_fr\"]}}]"}}, {"model": "admin.logentry", "pk": 100, "fields": {"action_time": "2019-02-17T17:16:20.962Z", "user": 1, "content_type": 8, "object_id": "3", "object_repr": "Project object (3)", "action_flag": 2, "change_message": "[{\"changed\": {\"fields\": [\"description_fr\"]}}]"}}, {"model": "admin.logentry", "pk": 101, "fields": {"action_time": "2019-02-17T17:26:40.195Z", "user": 1, "content_type": 11, "object_id": "32", "object_repr": "Comment object (32)", "action_flag": 3, "change_message": ""}}, {"model": "admin.logentry", "pk": 102, "fields": {"action_time": "2019-02-17T17:31:31.500Z", "user": 1, "content_type": 10, "object_id": "1", "object_repr": "Post object (1)", "action_flag": 2, "change_message": "[{\"changed\": {\"fields\": [\"content_en\", \"content_fr\"]}}]"}}, {"model": "admin.logentry", "pk": 103, "fields": {"action_time": "2019-02-17T17:36:48.195Z", "user": 1, "content_type": 10, "object_id": "1", "object_repr": "Post object (1)", "action_flag": 2, "change_message": "[{\"changed\": {\"fields\": [\"content_en\", \"content_fr\"]}}]"}}, {"model": "admin.logentry", "pk": 104, "fields": {"action_time": "2019-02-17T17:38:50.554Z", "user": 1, "content_type": 10, "object_id": "2", "object_repr": "Post object (2)", "action_flag": 2, "change_message": "[{\"changed\": {\"fields\": [\"content_en\", \"content_fr\"]}}]"}}, {"model": "admin.logentry", "pk": 105, "fields": {"action_time": "2019-02-17T17:40:05.568Z", "user": 1, "content_type": 10, "object_id": "3", "object_repr": "Post object (3)", "action_flag": 2, "change_message": "[{\"changed\": {\"fields\": [\"content_en\", \"content_fr\"]}}]"}}, {"model": "admin.logentry", "pk": 106, "fields": {"action_time": "2019-02-17T17:40:38.293Z", "user": 1, "content_type": 10, "object_id": "1", "object_repr": "Post object (1)", "action_flag": 2, "change_message": "[{\"changed\": {\"fields\": [\"content_en\", \"content_fr\"]}}]"}}, {"model": "admin.logentry", "pk": 107, "fields": {"action_time": "2019-02-26T09:23:19.739Z", "user": 1, "content_type": 13, "object_id": "1", "object_repr": "Service object (1)", "action_flag": 1, "change_message": "[{\"added\": {}}]"}}, {"model": "admin.logentry", "pk": 108, "fields": {"action_time": "2019-02-26T09:56:32.895Z", "user": 1, "content_type": 13, "object_id": "2", "object_repr": "Service object (2)", "action_flag": 1, "change_message": "[{\"added\": {}}]"}}, {"model": "admin.logentry", "pk": 109, "fields": {"action_time": "2019-02-26T09:59:42.846Z", "user": 1, "content_type": 13, "object_id": "3", "object_repr": "Service object (3)", "action_flag": 1, "change_message": "[{\"added\": {}}]"}}, {"model": "admin.logentry", "pk": 110, "fields": {"action_time": "2019-02-26T10:03:13.617Z", "user": 1, "content_type": 13, "object_id": "4", "object_repr": "Service object (4)", "action_flag": 1, "change_message": "[{\"added\": {}}]"}}, {"model": "admin.logentry", "pk": 111, "fields": {"action_time": "2019-02-26T10:34:14.683Z", "user": 1, "content_type": 14, "object_id": "1", "object_repr": "Skill object (1)", "action_flag": 1, "change_message": "[{\"added\": {}}]"}}, {"model": "admin.logentry", "pk": 112, "fields": {"action_time": "2019-02-26T10:45:55.953Z", "user": 1, "content_type": 14, "object_id": "2", "object_repr": "Skill object (2)", "action_flag": 1, "change_message": "[{\"added\": {}}]"}}, {"model": "admin.logentry", "pk": 113, "fields": {"action_time": "2019-02-26T10:53:48.632Z", "user": 1, "content_type": 14, "object_id": "3", "object_repr": "Skill object (3)", "action_flag": 1, "change_message": "[{\"added\": {}}]"}}, {"model": "admin.logentry", "pk": 114, "fields": {"action_time": "2019-02-26T13:07:55.232Z", "user": 1, "content_type": 13, "object_id": "4", "object_repr": "Service object (4)", "action_flag": 3, "change_message": ""}}, {"model": "admin.logentry", "pk": 115, "fields": {"action_time": "2019-02-26T13:08:58.931Z", "user": 1, "content_type": 13, "object_id": "5", "object_repr": "Service object (5)", "action_flag": 1, "change_message": "[{\"added\": {}}]"}}, {"model": "admin.logentry", "pk": 116, "fields": {"action_time": "2019-03-07T19:05:26.205Z", "user": 1, "content_type": 13, "object_id": "1", "object_repr": "Service object (1)", "action_flag": 2, "change_message": "[{\"changed\": {\"fields\": [\"description_en\", \"description_fr\"]}}]"}}, {"model": "admin.logentry", "pk": 117, "fields": {"action_time": "2019-03-07T19:07:22.565Z", "user": 1, "content_type": 13, "object_id": "2", "object_repr": "Service object (2)", "action_flag": 2, "change_message": "[{\"changed\": {\"fields\": [\"description_en\", \"description_fr\"]}}]"}}, {"model": "admin.logentry", "pk": 118, "fields": {"action_time": "2019-03-07T19:09:49.559Z", "user": 1, "content_type": 14, "object_id": "2", "object_repr": "Skill object (2)", "action_flag": 2, "change_message": "[{\"changed\": {\"fields\": [\"description_en\", \"description_fr\"]}}]"}}, {"model": "admin.logentry", "pk": 119, "fields": {"action_time": "2019-03-07T19:10:35.821Z", "user": 1, "content_type": 14, "object_id": "1", "object_repr": "Skill object (1)", "action_flag": 2, "change_message": "[{\"changed\": {\"fields\": [\"name_en\", \"name_fr\"]}}]"}}, {"model": "admin.logentry", "pk": 120, "fields": {"action_time": "2019-03-07T19:11:20.273Z", "user": 1, "content_type": 14, "object_id": "3", "object_repr": "Skill object (3)", "action_flag": 2, "change_message": "[{\"changed\": {\"fields\": [\"description_en\", \"description_fr\"]}}]"}}, {"model": "admin.logentry", "pk": 121, "fields": {"action_time": "2019-03-08T12:23:16.191Z", "user": 1, "content_type": 11, "object_id": "34", "object_repr": "Comment object (34)", "action_flag": 2, "change_message": "[{\"changed\": {\"fields\": [\"valid\"]}}]"}}, {"model": "admin.logentry", "pk": 122, "fields": {"action_time": "2019-03-08T12:24:39.571Z", "user": 1, "content_type": 11, "object_id": "6", "object_repr": "Comment object (6)", "action_flag": 2, "change_message": "[{\"changed\": {\"fields\": [\"valid\"]}}]"}}, {"model": "admin.logentry", "pk": 123, "fields": {"action_time": "2019-03-08T13:29:28.088Z", "user": 1, "content_type": 12, "object_id": "10", "object_repr": "Message object (10)", "action_flag": 2, "change_message": "[{\"changed\": {\"fields\": [\"read\"]}}]"}}, {"model": "admin.logentry", "pk": 124, "fields": {"action_time": "2019-03-08T14:04:17.468Z", "user": 1, "content_type": 13, "object_id": "5", "object_repr": "Service object (5)", "action_flag": 2, "change_message": "[{\"changed\": {\"fields\": [\"positon\"]}}]"}}, {"model": "admin.logentry", "pk": 125, "fields": {"action_time": "2019-03-08T14:04:28.653Z", "user": 1, "content_type": 13, "object_id": "1", "object_repr": "Service object (1)", "action_flag": 2, "change_message": "[{\"changed\": {\"fields\": [\"positon\"]}}]"}}, {"model": "admin.logentry", "pk": 126, "fields": {"action_time": "2019-03-08T14:04:37.406Z", "user": 1, "content_type": 13, "object_id": "2", "object_repr": "Service object (2)", "action_flag": 2, "change_message": "[{\"changed\": {\"fields\": [\"positon\"]}}]"}}, {"model": "admin.logentry", "pk": 127, "fields": {"action_time": "2019-03-08T14:04:46.772Z", "user": 1, "content_type": 13, "object_id": "3", "object_repr": "Service object (3)", "action_flag": 2, "change_message": "[{\"changed\": {\"fields\": [\"positon\"]}}]"}}, {"model": "admin.logentry", "pk": 128, "fields": {"action_time": "2019-03-08T14:07:21.858Z", "user": 1, "content_type": 14, "object_id": "1", "object_repr": "Skill object (1)", "action_flag": 2, "change_message": "[{\"changed\": {\"fields\": [\"position\"]}}]"}}, {"model": "admin.logentry", "pk": 129, "fields": {"action_time": "2019-03-08T14:07:30.865Z", "user": 1, "content_type": 14, "object_id": "2", "object_repr": "Skill object (2)", "action_flag": 2, "change_message": "[{\"changed\": {\"fields\": [\"position\"]}}]"}}, {"model": "admin.logentry", "pk": 130, "fields": {"action_time": "2019-03-08T14:07:39.141Z", "user": 1, "content_type": 14, "object_id": "3", "object_repr": "Skill object (3)", "action_flag": 2, "change_message": "[{\"changed\": {\"fields\": [\"position\"]}}]"}}, {"model": "admin.logentry", "pk": 131, "fields": {"action_time": "2019-03-12T10:00:18.961Z", "user": 1, "content_type": 16, "object_id": "1", "object_repr": "Page object (1)", "action_flag": 1, "change_message": "[{\"added\": {}}]"}}, {"model": "admin.logentry", "pk": 132, "fields": {"action_time": "2019-03-12T10:24:07.862Z", "user": 1, "content_type": 16, "object_id": "2", "object_repr": "Page object (2)", "action_flag": 1, "change_message": "[{\"added\": {}}]"}}, {"model": "admin.logentry", "pk": 133, "fields": {"action_time": "2019-03-12T10:25:23.290Z", "user": 1, "content_type": 16, "object_id": "3", "object_repr": "Page object (3)", "action_flag": 1, "change_message": "[{\"added\": {}}]"}}, {"model": "admin.logentry", "pk": 134, "fields": {"action_time": "2019-03-12T10:27:00.677Z", "user": 1, "content_type": 16, "object_id": "4", "object_repr": "Page object (4)", "action_flag": 1, "change_message": "[{\"added\": {}}]"}}, {"model": "admin.logentry", "pk": 135, "fields": {"action_time": "2019-03-12T10:27:58.651Z", "user": 1, "content_type": 16, "object_id": "5", "object_repr": "Page object (5)", "action_flag": 1, "change_message": "[{\"added\": {}}]"}}, {"model": "admin.logentry", "pk": 136, "fields": {"action_time": "2019-03-12T10:45:04.150Z", "user": 1, "content_type": 16, "object_id": "2", "object_repr": "Page object (2)", "action_flag": 2, "change_message": "[{\"changed\": {\"fields\": [\"position\"]}}]"}}, {"model": "admin.logentry", "pk": 137, "fields": {"action_time": "2019-03-12T10:45:09.985Z", "user": 1, "content_type": 16, "object_id": "3", "object_repr": "Page object (3)", "action_flag": 2, "change_message": "[{\"changed\": {\"fields\": [\"position\"]}}]"}}, {"model": "admin.logentry", "pk": 138, "fields": {"action_time": "2019-03-12T10:45:17.220Z", "user": 1, "content_type": 16, "object_id": "4", "object_repr": "Page object (4)", "action_flag": 2, "change_message": "[{\"changed\": {\"fields\": [\"position\"]}}]"}}, {"model": "admin.logentry", "pk": 139, "fields": {"action_time": "2019-03-12T10:45:29.392Z", "user": 1, "content_type": 16, "object_id": "5", "object_repr": "Page object (5)", "action_flag": 2, "change_message": "[{\"changed\": {\"fields\": [\"position\"]}}]"}}, {"model": "admin.logentry", "pk": 140, "fields": {"action_time": "2019-03-12T13:13:27.121Z", "user": 1, "content_type": 17, "object_id": "1", "object_repr": "NavbarItem object (1)", "action_flag": 1, "change_message": "[{\"added\": {}}]"}}, {"model": "admin.logentry", "pk": 141, "fields": {"action_time": "2019-03-12T13:13:36.988Z", "user": 1, "content_type": 17, "object_id": "2", "object_repr": "NavbarItem object (2)", "action_flag": 1, "change_message": "[{\"added\": {}}]"}}, {"model": "admin.logentry", "pk": 142, "fields": {"action_time": "2019-03-12T13:13:57.919Z", "user": 1, "content_type": 17, "object_id": "3", "object_repr": "NavbarItem object (3)", "action_flag": 1, "change_message": "[{\"added\": {}}]"}}, {"model": "admin.logentry", "pk": 143, "fields": {"action_time": "2019-03-12T13:14:07.680Z", "user": 1, "content_type": 17, "object_id": "4", "object_repr": "NavbarItem object (4)", "action_flag": 1, "change_message": "[{\"added\": {}}]"}}, {"model": "admin.logentry", "pk": 144, "fields": {"action_time": "2019-03-12T13:14:30.729Z", "user": 1, "content_type": 17, "object_id": "5", "object_repr": "NavbarItem object (5)", "action_flag": 1, "change_message": "[{\"added\": {}}]"}}, {"model": "admin.logentry", "pk": 145, "fields": {"action_time": "2019-03-12T14:20:43.534Z", "user": 1, "content_type": 15, "object_id": "5", "object_repr": "WebSite object (5)", "action_flag": 1, "change_message": "[{\"added\": {}}]"}}, {"model": "admin.logentry", "pk": 146, "fields": {"action_time": "2019-03-12T14:20:52.032Z", "user": 1, "content_type": 16, "object_id": "5", "object_repr": "Page object (5)", "action_flag": 2, "change_message": "[{\"changed\": {\"fields\": [\"websites\"]}}]"}}, {"model": "admin.logentry", "pk": 147, "fields": {"action_time": "2019-03-12T17:09:28.732Z", "user": 1, "content_type": 18, "object_id": "1", "object_repr": "FooterItem object (1)", "action_flag": 1, "change_message": "[{\"added\": {}}]"}}, {"model": "admin.logentry", "pk": 148, "fields": {"action_time": "2019-03-12T17:10:03.570Z", "user": 1, "content_type": 18, "object_id": "2", "object_repr": "FooterItem object (2)", "action_flag": 1, "change_message": "[{\"added\": {}}]"}}, {"model": "admin.logentry", "pk": 149, "fields": {"action_time": "2019-03-12T17:10:28.761Z", "user": 1, "content_type": 18, "object_id": "3", "object_repr": "FooterItem object (3)", "action_flag": 1, "change_message": "[{\"added\": {}}]"}}, {"model": "admin.logentry", "pk": 150, "fields": {"action_time": "2019-03-12T17:10:55.665Z", "user": 1, "content_type": 18, "object_id": "4", "object_repr": "FooterItem object (4)", "action_flag": 1, "change_message": "[{\"added\": {}}]"}}, {"model": "admin.logentry", "pk": 151, "fields": {"action_time": "2019-03-12T17:23:37.064Z", "user": 1, "content_type": 19, "object_id": "1", "object_repr": "SocialLink object (1)", "action_flag": 1, "change_message": "[{\"added\": {}}]"}}, {"model": "admin.logentry", "pk": 152, "fields": {"action_time": "2019-03-12T17:24:19.983Z", "user": 1, "content_type": 19, "object_id": "2", "object_repr": "SocialLink object (2)", "action_flag": 1, "change_message": "[{\"added\": {}}]"}}, {"model": "admin.logentry", "pk": 153, "fields": {"action_time": "2019-03-12T17:24:45.425Z", "user": 1, "content_type": 19, "object_id": "3", "object_repr": "SocialLink object (3)", "action_flag": 1, "change_message": "[{\"added\": {}}]"}}, {"model": "admin.logentry", "pk": 154, "fields": {"action_time": "2019-03-12T17:31:37.251Z", "user": 1, "content_type": 19, "object_id": "1", "object_repr": "SocialLink object (1)", "action_flag": 2, "change_message": "[{\"changed\": {\"fields\": [\"position\"]}}]"}}, {"model": "admin.logentry", "pk": 155, "fields": {"action_time": "2019-03-12T17:31:48.787Z", "user": 1, "content_type": 19, "object_id": "1", "object_repr": "SocialLink object (1)", "action_flag": 2, "change_message": "[{\"changed\": {\"fields\": [\"position\"]}}]"}}, {"model": "admin.logentry", "pk": 156, "fields": {"action_time": "2019-03-12T17:32:05.257Z", "user": 1, "content_type": 19, "object_id": "1", "object_repr": "SocialLink object (1)", "action_flag": 2, "change_message": "[]"}}, {"model": "admin.logentry", "pk": 157, "fields": {"action_time": "2019-03-12T17:32:27.439Z", "user": 1, "content_type": 19, "object_id": "3", "object_repr": "SocialLink object (3)", "action_flag": 2, "change_message": "[{\"changed\": {\"fields\": [\"position\"]}}]"}}, {"model": "admin.logentry", "pk": 158, "fields": {"action_time": "2019-03-12T17:32:32.936Z", "user": 1, "content_type": 19, "object_id": "2", "object_repr": "SocialLink object (2)", "action_flag": 2, "change_message": "[{\"changed\": {\"fields\": [\"position\"]}}]"}}, {"model": "admin.logentry", "pk": 159, "fields": {"action_time": "2019-03-12T18:11:00.036Z", "user": 1, "content_type": 16, "object_id": "1", "object_repr": "Page object (1)", "action_flag": 2, "change_message": "[{\"changed\": {\"fields\": [\"title_fr\", \"title_en\"]}}]"}}, {"model": "admin.logentry", "pk": 160, "fields": {"action_time": "2019-03-12T18:42:39.333Z", "user": 1, "content_type": 16, "object_id": "1", "object_repr": "Page object (1)", "action_flag": 2, "change_message": "[]"}}, {"model": "admin.logentry", "pk": 161, "fields": {"action_time": "2019-03-12T18:42:45.373Z", "user": 1, "content_type": 16, "object_id": "2", "object_repr": "Page object (2)", "action_flag": 2, "change_message": "[{\"changed\": {\"fields\": [\"position\"]}}]"}}, {"model": "admin.logentry", "pk": 162, "fields": {"action_time": "2019-03-12T18:42:51.011Z", "user": 1, "content_type": 16, "object_id": "3", "object_repr": "Page object (3)", "action_flag": 2, "change_message": "[{\"changed\": {\"fields\": [\"position\"]}}]"}}, {"model": "admin.logentry", "pk": 163, "fields": {"action_time": "2019-03-12T18:42:58.180Z", "user": 1, "content_type": 16, "object_id": "4", "object_repr": "Page object (4)", "action_flag": 2, "change_message": "[{\"changed\": {\"fields\": [\"position\"]}}]"}}, {"model": "admin.logentry", "pk": 164, "fields": {"action_time": "2019-03-12T18:43:04.661Z", "user": 1, "content_type": 16, "object_id": "5", "object_repr": "Page object (5)", "action_flag": 2, "change_message": "[{\"changed\": {\"fields\": [\"position\"]}}]"}}, {"model": "admin.logentry", "pk": 165, "fields": {"action_time": "2019-03-12T18:55:04.221Z", "user": 1, "content_type": 16, "object_id": "6", "object_repr": "Page object (6)", "action_flag": 1, "change_message": "[{\"added\": {}}]"}}, {"model": "admin.logentry", "pk": 166, "fields": {"action_time": "2019-03-13T08:58:49.019Z", "user": 1, "content_type": 20, "object_id": "1", "object_repr": "AboutCategory object (1)", "action_flag": 1, "change_message": "[{\"added\": {}}]"}}, {"model": "admin.logentry", "pk": 167, "fields": {"action_time": "2019-03-13T08:59:44.989Z", "user": 1, "content_type": 20, "object_id": "2", "object_repr": "AboutCategory object (2)", "action_flag": 1, "change_message": "[{\"added\": {}}]"}}, {"model": "admin.logentry", "pk": 168, "fields": {"action_time": "2019-03-13T09:05:24.999Z", "user": 1, "content_type": 21, "object_id": "1", "object_repr": "Term object (1)", "action_flag": 1, "change_message": "[{\"added\": {}}]"}}, {"model": "admin.logentry", "pk": 169, "fields": {"action_time": "2019-03-13T09:08:24.462Z", "user": 1, "content_type": 21, "object_id": "2", "object_repr": "Term object (2)", "action_flag": 1, "change_message": "[{\"added\": {}}]"}}, {"model": "admin.logentry", "pk": 170, "fields": {"action_time": "2019-03-13T09:10:39.478Z", "user": 1, "content_type": 21, "object_id": "3", "object_repr": "Term object (3)", "action_flag": 1, "change_message": "[{\"added\": {}}]"}}, {"model": "admin.logentry", "pk": 171, "fields": {"action_time": "2019-03-13T09:12:06.514Z", "user": 1, "content_type": 21, "object_id": "4", "object_repr": "Term object (4)", "action_flag": 1, "change_message": "[{\"added\": {}}]"}}, {"model": "admin.logentry", "pk": 172, "fields": {"action_time": "2019-03-13T09:14:00.864Z", "user": 1, "content_type": 21, "object_id": "5", "object_repr": "Term object (5)", "action_flag": 1, "change_message": "[{\"added\": {}}]"}}, {"model": "admin.logentry", "pk": 173, "fields": {"action_time": "2019-03-13T09:15:40.068Z", "user": 1, "content_type": 21, "object_id": "6", "object_repr": "Term object (6)", "action_flag": 1, "change_message": "[{\"added\": {}}]"}}, {"model": "admin.logentry", "pk": 174, "fields": {"action_time": "2019-03-13T09:18:26.998Z", "user": 1, "content_type": 21, "object_id": "7", "object_repr": "Term object (7)", "action_flag": 1, "change_message": "[{\"added\": {}}]"}}, {"model": "admin.logentry", "pk": 175, "fields": {"action_time": "2019-03-13T09:20:30.011Z", "user": 1, "content_type": 21, "object_id": "7", "object_repr": "Term object (7)", "action_flag": 2, "change_message": "[{\"changed\": {\"fields\": [\"description_en\", \"description_fr\"]}}]"}}, {"model": "admin.logentry", "pk": 176, "fields": {"action_time": "2019-03-13T09:20:44.723Z", "user": 1, "content_type": 21, "object_id": "6", "object_repr": "Term object (6)", "action_flag": 2, "change_message": "[{\"changed\": {\"fields\": [\"description_en\", \"description_fr\"]}}]"}}, {"model": "admin.logentry", "pk": 177, "fields": {"action_time": "2019-03-13T09:21:03.313Z", "user": 1, "content_type": 21, "object_id": "5", "object_repr": "Term object (5)", "action_flag": 2, "change_message": "[{\"changed\": {\"fields\": [\"description_en\", \"description_fr\"]}}]"}}, {"model": "admin.logentry", "pk": 178, "fields": {"action_time": "2019-03-13T09:22:01.518Z", "user": 1, "content_type": 21, "object_id": "5", "object_repr": "Term object (5)", "action_flag": 2, "change_message": "[{\"changed\": {\"fields\": [\"description_en\", \"description_fr\"]}}]"}}, {"model": "admin.logentry", "pk": 179, "fields": {"action_time": "2019-03-13T09:23:17.894Z", "user": 1, "content_type": 21, "object_id": "6", "object_repr": "Term object (6)", "action_flag": 2, "change_message": "[{\"changed\": {\"fields\": [\"description_en\", \"description_fr\"]}}]"}}, {"model": "admin.logentry", "pk": 180, "fields": {"action_time": "2019-03-13T09:24:08.449Z", "user": 1, "content_type": 21, "object_id": "4", "object_repr": "Term object (4)", "action_flag": 2, "change_message": "[{\"changed\": {\"fields\": [\"description_en\", \"description_fr\"]}}]"}}, {"model": "admin.logentry", "pk": 181, "fields": {"action_time": "2019-03-13T09:24:47.043Z", "user": 1, "content_type": 21, "object_id": "3", "object_repr": "Term object (3)", "action_flag": 2, "change_message": "[{\"changed\": {\"fields\": [\"description_en\", \"description_fr\"]}}]"}}, {"model": "admin.logentry", "pk": 182, "fields": {"action_time": "2019-03-13T09:25:32.977Z", "user": 1, "content_type": 21, "object_id": "7", "object_repr": "Term object (7)", "action_flag": 2, "change_message": "[{\"changed\": {\"fields\": [\"name_fr\"]}}]"}}, {"model": "admin.logentry", "pk": 183, "fields": {"action_time": "2019-03-13T09:26:09.015Z", "user": 1, "content_type": 21, "object_id": "7", "object_repr": "Term object (7)", "action_flag": 2, "change_message": "[{\"changed\": {\"fields\": [\"name_en\"]}}]"}}, {"model": "admin.logentry", "pk": 184, "fields": {"action_time": "2019-03-13T10:35:38.483Z", "user": 1, "content_type": 7, "object_id": "3", "object_repr": "PortfolioCategory object (3)", "action_flag": 2, "change_message": "[{\"changed\": {\"fields\": [\"link_name\", \"position\"]}}]"}}, {"model": "admin.logentry", "pk": 185, "fields": {"action_time": "2019-03-13T10:35:54.032Z", "user": 1, "content_type": 7, "object_id": "2", "object_repr": "PortfolioCategory object (2)", "action_flag": 2, "change_message": "[{\"changed\": {\"fields\": [\"link_name\", \"position\"]}}]"}}, {"model": "admin.logentry", "pk": 186, "fields": {"action_time": "2019-03-13T10:36:04.440Z", "user": 1, "content_type": 7, "object_id": "3", "object_repr": "PortfolioCategory object (3)", "action_flag": 2, "change_message": "[]"}}, {"model": "admin.logentry", "pk": 187, "fields": {"action_time": "2019-03-13T10:36:18.083Z", "user": 1, "content_type": 7, "object_id": "1", "object_repr": "PortfolioCategory object (1)", "action_flag": 2, "change_message": "[{\"changed\": {\"fields\": [\"link_name\"]}}]"}}, {"model": "admin.logentry", "pk": 188, "fields": {"action_time": "2019-03-13T10:37:05.719Z", "user": 1, "content_type": 8, "object_id": "1", "object_repr": "Project object (1)", "action_flag": 2, "change_message": "[{\"changed\": {\"fields\": [\"link_name\"]}}]"}}, {"model": "admin.logentry", "pk": 189, "fields": {"action_time": "2019-03-13T10:37:21.017Z", "user": 1, "content_type": 8, "object_id": "2", "object_repr": "Project object (2)", "action_flag": 2, "change_message": "[{\"changed\": {\"fields\": [\"link_name\"]}}]"}}, {"model": "admin.logentry", "pk": 190, "fields": {"action_time": "2019-03-13T10:37:36.356Z", "user": 1, "content_type": 8, "object_id": "3", "object_repr": "Project object (3)", "action_flag": 2, "change_message": "[{\"changed\": {\"fields\": [\"link_name\"]}}]"}}, {"model": "admin.logentry", "pk": 191, "fields": {"action_time": "2019-03-13T10:37:49.056Z", "user": 1, "content_type": 8, "object_id": "4", "object_repr": "Project object (4)", "action_flag": 2, "change_message": "[{\"changed\": {\"fields\": [\"link_name\"]}}]"}}, {"model": "admin.logentry", "pk": 192, "fields": {"action_time": "2019-03-13T10:38:01.798Z", "user": 1, "content_type": 8, "object_id": "5", "object_repr": "Project object (5)", "action_flag": 2, "change_message": "[{\"changed\": {\"fields\": [\"link_name\"]}}]"}}, {"model": "admin.logentry", "pk": 193, "fields": {"action_time": "2019-03-13T10:38:20.536Z", "user": 1, "content_type": 8, "object_id": "6", "object_repr": "Project object (6)", "action_flag": 2, "change_message": "[{\"changed\": {\"fields\": [\"link_name\"]}}]"}}, {"model": "admin.logentry", "pk": 194, "fields": {"action_time": "2019-03-13T10:38:34.128Z", "user": 1, "content_type": 8, "object_id": "7", "object_repr": "Project object (7)", "action_flag": 2, "change_message": "[{\"changed\": {\"fields\": [\"link_name\"]}}]"}}, {"model": "admin.logentry", "pk": 195, "fields": {"action_time": "2019-03-13T10:38:48.010Z", "user": 1, "content_type": 8, "object_id": "8", "object_repr": "Project object (8)", "action_flag": 2, "change_message": "[{\"changed\": {\"fields\": [\"link_name\"]}}]"}}, {"model": "admin.logentry", "pk": 196, "fields": {"action_time": "2019-03-13T11:14:05.131Z", "user": 1, "content_type": 7, "object_id": "1", "object_repr": "PortfolioCategory object (1)", "action_flag": 2, "change_message": "[{\"changed\": {\"fields\": [\"link_name\", \"name_en\", \"name_fr\"]}}]"}}, {"model": "admin.logentry", "pk": 197, "fields": {"action_time": "2019-03-13T11:16:44.886Z", "user": 1, "content_type": 7, "object_id": "2", "object_repr": "PortfolioCategory object (2)", "action_flag": 2, "change_message": "[{\"changed\": {\"fields\": [\"link_name\", \"name_en\", \"name_fr\"]}}]"}}, {"model": "admin.logentry", "pk": 198, "fields": {"action_time": "2019-03-13T11:18:42.097Z", "user": 1, "content_type": 7, "object_id": "3", "object_repr": "PortfolioCategory object (3)", "action_flag": 2, "change_message": "[{\"changed\": {\"fields\": [\"link_name\", \"name_en\", \"name_fr\"]}}]"}}, {"model": "admin.logentry", "pk": 199, "fields": {"action_time": "2019-03-13T11:19:05.740Z", "user": 1, "content_type": 7, "object_id": "2", "object_repr": "PortfolioCategory object (2)", "action_flag": 2, "change_message": "[{\"changed\": {\"fields\": [\"link_name\"]}}]"}}, {"model": "admin.logentry", "pk": 200, "fields": {"action_time": "2019-03-13T11:19:19.089Z", "user": 1, "content_type": 7, "object_id": "1", "object_repr": "PortfolioCategory object (1)", "action_flag": 2, "change_message": "[{\"changed\": {\"fields\": [\"link_name\", \"name_en\", \"name_fr\"]}}]"}}, {"model": "admin.logentry", "pk": 201, "fields": {"action_time": "2019-03-13T11:24:42.095Z", "user": 1, "content_type": 7, "object_id": "7", "object_repr": "PortfolioCategory object (7)", "action_flag": 1, "change_message": "[{\"added\": {}}]"}}, {"model": "admin.logentry", "pk": 202, "fields": {"action_time": "2019-03-13T11:51:13.171Z", "user": 1, "content_type": 8, "object_id": "1", "object_repr": "Project object (1)", "action_flag": 2, "change_message": "[{\"changed\": {\"fields\": [\"category\", \"link_name\", \"title_en\", \"title_fr\", \"subtitle_en\", \"subtitle_fr\", \"description_en\", \"description_fr\"]}}]"}}, {"model": "admin.logentry", "pk": 203, "fields": {"action_time": "2019-03-13T12:05:19.237Z", "user": 1, "content_type": 8, "object_id": "2", "object_repr": "Project object (2)", "action_flag": 2, "change_message": "[{\"changed\": {\"fields\": [\"link_name\", \"title_en\", \"title_fr\", \"subtitle_en\", \"subtitle_fr\", \"description_en\", \"description_fr\"]}}]"}}, {"model": "admin.logentry", "pk": 204, "fields": {"action_time": "2019-03-13T12:15:05.880Z", "user": 1, "content_type": 8, "object_id": "3", "object_repr": "Project object (3)", "action_flag": 2, "change_message": "[{\"changed\": {\"fields\": [\"category\", \"link_name\", \"title_en\", \"title_fr\", \"subtitle_en\", \"subtitle_fr\", \"description_en\", \"description_fr\"]}}]"}}, {"model": "admin.logentry", "pk": 205, "fields": {"action_time": "2019-03-13T12:21:01.282Z", "user": 1, "content_type": 8, "object_id": "4", "object_repr": "Project object (4)", "action_flag": 2, "change_message": "[{\"changed\": {\"fields\": [\"link_name\", \"title_en\", \"title_fr\", \"subtitle_en\", \"subtitle_fr\", \"description_en\", \"description_fr\"]}}]"}}, {"model": "admin.logentry", "pk": 206, "fields": {"action_time": "2019-03-13T12:29:11.259Z", "user": 1, "content_type": 8, "object_id": "5", "object_repr": "Project object (5)", "action_flag": 2, "change_message": "[{\"changed\": {\"fields\": [\"category\", \"link_name\", \"title_en\", \"title_fr\", \"subtitle_en\", \"subtitle_fr\", \"description_en\", \"description_fr\"]}}]"}}, {"model": "admin.logentry", "pk": 207, "fields": {"action_time": "2019-03-13T12:40:35.470Z", "user": 1, "content_type": 8, "object_id": "6", "object_repr": "Project object (6)", "action_flag": 2, "change_message": "[{\"changed\": {\"fields\": [\"category\", \"link_name\", \"title_en\", \"title_fr\", \"subtitle_en\", \"subtitle_fr\", \"description_en\", \"description_fr\"]}}]"}}, {"model": "admin.logentry", "pk": 208, "fields": {"action_time": "2019-03-13T12:46:40.189Z", "user": 1, "content_type": 8, "object_id": "7", "object_repr": "Project object (7)", "action_flag": 2, "change_message": "[{\"changed\": {\"fields\": [\"category\", \"link_name\", \"title_en\", \"title_fr\", \"subtitle_en\", \"subtitle_fr\", \"description_en\", \"description_fr\"]}}]"}}, {"model": "admin.logentry", "pk": 209, "fields": {"action_time": "2019-03-13T12:50:04.733Z", "user": 1, "content_type": 8, "object_id": "8", "object_repr": "Project object (8)", "action_flag": 2, "change_message": "[{\"changed\": {\"fields\": [\"category\", \"link_name\", \"title_en\", \"title_fr\", \"subtitle_en\", \"subtitle_fr\", \"description_en\", \"description_fr\"]}}]"}}, {"model": "admin.logentry", "pk": 210, "fields": {"action_time": "2019-03-13T13:00:45.308Z", "user": 1, "content_type": 7, "object_id": "2", "object_repr": "PortfolioCategory object (2)", "action_flag": 2, "change_message": "[{\"changed\": {\"fields\": [\"position\"]}}]"}}, {"model": "admin.logentry", "pk": 211, "fields": {"action_time": "2019-03-13T13:00:53.445Z", "user": 1, "content_type": 7, "object_id": "1", "object_repr": "PortfolioCategory object (1)", "action_flag": 2, "change_message": "[{\"changed\": {\"fields\": [\"position\"]}}]"}}, {"model": "admin.logentry", "pk": 212, "fields": {"action_time": "2019-03-13T17:59:00.569Z", "user": 1, "content_type": 22, "object_id": "1", "object_repr": "CardButton object (1)", "action_flag": 1, "change_message": "[{\"added\": {}}]"}}, {"model": "admin.logentry", "pk": 213, "fields": {"action_time": "2019-03-13T18:01:38.653Z", "user": 1, "content_type": 22, "object_id": "2", "object_repr": "CardButton object (2)", "action_flag": 1, "change_message": "[{\"added\": {}}]"}}, {"model": "admin.logentry", "pk": 214, "fields": {"action_time": "2019-03-13T18:41:53.755Z", "user": 1, "content_type": 9, "object_id": "2", "object_repr": "BlogCategory object (2)", "action_flag": 2, "change_message": "[{\"changed\": {\"fields\": [\"link_name\", \"name_en\", \"name_fr\"]}}]"}}, {"model": "admin.logentry", "pk": 215, "fields": {"action_time": "2019-03-13T18:42:13.080Z", "user": 1, "content_type": 9, "object_id": "1", "object_repr": "BlogCategory object (1)", "action_flag": 2, "change_message": "[{\"changed\": {\"fields\": [\"link_name\", \"name_en\", \"position\"]}}]"}}, {"model": "admin.logentry", "pk": 216, "fields": {"action_time": "2019-03-13T18:42:34.859Z", "user": 1, "content_type": 9, "object_id": "1", "object_repr": "BlogCategory object (1)", "action_flag": 2, "change_message": "[{\"changed\": {\"fields\": [\"name_en\", \"name_fr\"]}}]"}}, {"model": "admin.logentry", "pk": 217, "fields": {"action_time": "2019-03-13T18:48:23.317Z", "user": 1, "content_type": 10, "object_id": "1", "object_repr": "Post object (1)", "action_flag": 2, "change_message": "[{\"changed\": {\"fields\": [\"link_name\", \"title_en\", \"title_fr\", \"content_en\", \"content_fr\"]}}]"}}, {"model": "admin.logentry", "pk": 218, "fields": {"action_time": "2019-03-13T18:54:01.393Z", "user": 1, "content_type": 10, "object_id": "2", "object_repr": "Post object (2)", "action_flag": 2, "change_message": "[{\"changed\": {\"fields\": [\"link_name\", \"title_en\", \"title_fr\", \"content_en\", \"content_fr\"]}}]"}}, {"model": "admin.logentry", "pk": 219, "fields": {"action_time": "2019-03-13T18:56:55.529Z", "user": 1, "content_type": 10, "object_id": "3", "object_repr": "Post object (3)", "action_flag": 2, "change_message": "[{\"changed\": {\"fields\": [\"link_name\", \"title_en\", \"title_fr\", \"content_en\", \"content_fr\"]}}]"}}, {"model": "admin.logentry", "pk": 220, "fields": {"action_time": "2019-03-13T19:07:59.038Z", "user": 1, "content_type": 22, "object_id": "3", "object_repr": "CardButton object (3)", "action_flag": 1, "change_message": "[{\"added\": {}}]"}}, {"model": "admin.logentry", "pk": 221, "fields": {"action_time": "2019-03-13T19:23:39.070Z", "user": 1, "content_type": 22, "object_id": "4", "object_repr": "CardButton object (4)", "action_flag": 1, "change_message": "[{\"added\": {}}]"}}, {"model": "admin.logentry", "pk": 222, "fields": {"action_time": "2019-03-13T19:52:55.462Z", "user": 1, "content_type": 16, "object_id": "7", "object_repr": "Page object (7)", "action_flag": 1, "change_message": "[{\"added\": {}}]"}}, {"model": "admin.logentry", "pk": 223, "fields": {"action_time": "2019-03-13T20:15:27.291Z", "user": 1, "content_type": 23, "object_id": "1", "object_repr": "AlertMessage object (1)", "action_flag": 1, "change_message": "[{\"added\": {}}]"}}, {"model": "admin.logentry", "pk": 224, "fields": {"action_time": "2019-03-13T20:16:23.255Z", "user": 1, "content_type": 23, "object_id": "2", "object_repr": "AlertMessage object (2)", "action_flag": 1, "change_message": "[{\"added\": {}}]"}}, {"model": "admin.logentry", "pk": 225, "fields": {"action_time": "2019-03-14T10:11:06.596Z", "user": 1, "content_type": 24, "object_id": "1", "object_repr": "FormPlaceHolder object (1)", "action_flag": 1, "change_message": "[{\"added\": {}}]"}}, {"model": "admin.logentry", "pk": 226, "fields": {"action_time": "2019-03-14T10:11:41.906Z", "user": 1, "content_type": 24, "object_id": "2", "object_repr": "FormPlaceHolder object (2)", "action_flag": 1, "change_message": "[{\"added\": {}}]"}}, {"model": "admin.logentry", "pk": 227, "fields": {"action_time": "2019-03-14T10:13:24.623Z", "user": 1, "content_type": 24, "object_id": "3", "object_repr": "FormPlaceHolder object (3)", "action_flag": 1, "change_message": "[{\"added\": {}}]"}}, {"model": "admin.logentry", "pk": 228, "fields": {"action_time": "2019-03-14T10:13:45.786Z", "user": 1, "content_type": 24, "object_id": "3", "object_repr": "FormPlaceHolder object (3)", "action_flag": 2, "change_message": "[{\"changed\": {\"fields\": [\"text_en\", \"text_fr\"]}}]"}}, {"model": "admin.logentry", "pk": 229, "fields": {"action_time": "2019-03-14T10:29:26.622Z", "user": 1, "content_type": 24, "object_id": "2", "object_repr": "FormPlaceHolder object (2)", "action_flag": 2, "change_message": "[{\"changed\": {\"fields\": [\"text_en\"]}}]"}}, {"model": "admin.logentry", "pk": 230, "fields": {"action_time": "2019-03-14T10:29:42.469Z", "user": 1, "content_type": 24, "object_id": "2", "object_repr": "FormPlaceHolder object (2)", "action_flag": 2, "change_message": "[{\"changed\": {\"fields\": [\"text_en\"]}}]"}}, {"model": "admin.logentry", "pk": 231, "fields": {"action_time": "2019-03-14T10:30:59.385Z", "user": 1, "content_type": 24, "object_id": "2", "object_repr": "FormPlaceHolder object (2)", "action_flag": 2, "change_message": "[{\"changed\": {\"fields\": [\"position\"]}}]"}}, {"model": "admin.logentry", "pk": 232, "fields": {"action_time": "2019-03-14T10:31:06.460Z", "user": 1, "content_type": 24, "object_id": "3", "object_repr": "FormPlaceHolder object (3)", "action_flag": 2, "change_message": "[{\"changed\": {\"fields\": [\"position\"]}}]"}}, {"model": "admin.logentry", "pk": 233, "fields": {"action_time": "2019-03-14T10:45:48.951Z", "user": 1, "content_type": 22, "object_id": "4", "object_repr": "CardButton object (4)", "action_flag": 2, "change_message": "[{\"changed\": {\"fields\": [\"card_name\"]}}]"}}, {"model": "admin.logentry", "pk": 234, "fields": {"action_time": "2019-03-14T10:49:37.234Z", "user": 1, "content_type": 22, "object_id": "1", "object_repr": "CardButton object (1)", "action_flag": 2, "change_message": "[{\"changed\": {\"fields\": [\"card_name\"]}}]"}}, {"model": "admin.logentry", "pk": 235, "fields": {"action_time": "2019-03-14T10:52:12.329Z", "user": 1, "content_type": 22, "object_id": "2", "object_repr": "CardButton object (2)", "action_flag": 2, "change_message": "[{\"changed\": {\"fields\": [\"card_name\"]}}]"}}, {"model": "admin.logentry", "pk": 236, "fields": {"action_time": "2019-03-14T10:55:03.827Z", "user": 1, "content_type": 22, "object_id": "3", "object_repr": "CardButton object (3)", "action_flag": 2, "change_message": "[{\"changed\": {\"fields\": [\"card_name\"]}}]"}}, {"model": "admin.logentry", "pk": 237, "fields": {"action_time": "2019-03-14T11:29:27.260Z", "user": 1, "content_type": 11, "object_id": "37", "object_repr": "Comment object (37)", "action_flag": 2, "change_message": "[{\"changed\": {\"fields\": [\"valid\"]}}]"}}, {"model": "admin.logentry", "pk": 238, "fields": {"action_time": "2019-03-14T11:36:37.652Z", "user": 1, "content_type": 16, "object_id": "8", "object_repr": "Page object (8)", "action_flag": 1, "change_message": "[{\"added\": {}}]"}}, {"model": "admin.logentry", "pk": 239, "fields": {"action_time": "2019-03-14T11:48:16.393Z", "user": 1, "content_type": 22, "object_id": "5", "object_repr": "CardButton object (5)", "action_flag": 1, "change_message": "[{\"added\": {}}]"}}, {"model": "admin.logentry", "pk": 240, "fields": {"action_time": "2019-03-14T11:56:38.866Z", "user": 1, "content_type": 23, "object_id": "3", "object_repr": "AlertMessage object (3)", "action_flag": 1, "change_message": "[{\"added\": {}}]"}}, {"model": "admin.logentry", "pk": 241, "fields": {"action_time": "2019-03-14T12:02:04.494Z", "user": 1, "content_type": 24, "object_id": "4", "object_repr": "FormPlaceHolder object (4)", "action_flag": 1, "change_message": "[{\"added\": {}}]"}}, {"model": "admin.logentry", "pk": 242, "fields": {"action_time": "2019-03-14T12:02:40.829Z", "user": 1, "content_type": 24, "object_id": "5", "object_repr": "FormPlaceHolder object (5)", "action_flag": 1, "change_message": "[{\"added\": {}}]"}}, {"model": "admin.logentry", "pk": 243, "fields": {"action_time": "2019-03-14T12:04:09.959Z", "user": 1, "content_type": 24, "object_id": "6", "object_repr": "FormPlaceHolder object (6)", "action_flag": 1, "change_message": "[{\"added\": {}}]"}}, {"model": "admin.logentry", "pk": 244, "fields": {"action_time": "2019-03-14T12:04:45.518Z", "user": 1, "content_type": 24, "object_id": "7", "object_repr": "FormPlaceHolder object (7)", "action_flag": 1, "change_message": "[{\"added\": {}}]"}}, {"model": "admin.logentry", "pk": 245, "fields": {"action_time": "2019-03-14T12:07:59.511Z", "user": 1, "content_type": 24, "object_id": "7", "object_repr": "FormPlaceHolder object (7)", "action_flag": 2, "change_message": "[{\"changed\": {\"fields\": [\"form_name\"]}}]"}}, {"model": "admin.logentry", "pk": 246, "fields": {"action_time": "2019-03-14T12:08:06.802Z", "user": 1, "content_type": 24, "object_id": "6", "object_repr": "FormPlaceHolder object (6)", "action_flag": 2, "change_message": "[{\"changed\": {\"fields\": [\"form_name\"]}}]"}}, {"model": "admin.logentry", "pk": 247, "fields": {"action_time": "2019-03-14T12:08:15.123Z", "user": 1, "content_type": 24, "object_id": "5", "object_repr": "FormPlaceHolder object (5)", "action_flag": 2, "change_message": "[{\"changed\": {\"fields\": [\"form_name\"]}}]"}}, {"model": "admin.logentry", "pk": 248, "fields": {"action_time": "2019-03-14T12:08:22.214Z", "user": 1, "content_type": 24, "object_id": "4", "object_repr": "FormPlaceHolder object (4)", "action_flag": 2, "change_message": "[{\"changed\": {\"fields\": [\"form_name\"]}}]"}}, {"model": "admin.logentry", "pk": 249, "fields": {"action_time": "2019-03-14T13:07:31.348Z", "user": 1, "content_type": 11, "object_id": "37", "object_repr": "Comment object (37)", "action_flag": 3, "change_message": ""}}, {"model": "admin.logentry", "pk": 250, "fields": {"action_time": "2019-03-14T17:17:46.060Z", "user": 1, "content_type": 25, "object_id": "1", "object_repr": "ContactItem object (1)", "action_flag": 1, "change_message": "[{\"added\": {}}]"}}, {"model": "admin.logentry", "pk": 251, "fields": {"action_time": "2019-03-14T17:18:12.893Z", "user": 1, "content_type": 25, "object_id": "2", "object_repr": "ContactItem object (2)", "action_flag": 1, "change_message": "[{\"added\": {}}]"}}, {"model": "admin.logentry", "pk": 252, "fields": {"action_time": "2019-03-14T17:18:45.629Z", "user": 1, "content_type": 25, "object_id": "3", "object_repr": "ContactItem object (3)", "action_flag": 1, "change_message": "[{\"added\": {}}]"}}, {"model": "admin.logentry", "pk": 253, "fields": {"action_time": "2019-03-14T17:26:24.277Z", "user": 1, "content_type": 25, "object_id": "3", "object_repr": "ContactItem object (3)", "action_flag": 2, "change_message": "[{\"changed\": {\"fields\": [\"text\"]}}]"}}, {"model": "admin.logentry", "pk": 254, "fields": {"action_time": "2019-03-14T17:26:40.760Z", "user": 1, "content_type": 25, "object_id": "3", "object_repr": "ContactItem object (3)", "action_flag": 2, "change_message": "[{\"changed\": {\"fields\": [\"text\"]}}]"}}, {"model": "admin.logentry", "pk": 255, "fields": {"action_time": "2019-03-14T21:08:28.878Z", "user": 1, "content_type": 11, "object_id": "41", "object_repr": "Comment object (41)", "action_flag": 2, "change_message": "[{\"changed\": {\"fields\": [\"valid\"]}}]"}}, {"model": "admin.logentry", "pk": 256, "fields": {"action_time": "2019-03-15T06:15:52.559Z", "user": 1, "content_type": 18, "object_id": "5", "object_repr": "FooterItem object (5)", "action_flag": 1, "change_message": "[{\"added\": {}}]"}}, {"model": "admin.logentry", "pk": 257, "fields": {"action_time": "2019-03-15T06:16:37.598Z", "user": 1, "content_type": 18, "object_id": "6", "object_repr": "FooterItem object (6)", "action_flag": 1, "change_message": "[{\"added\": {}}]"}}]